case,plant,policy,jitter_ns,outage_start_frame,lost_sofs,true_err_at_outage_start,true_err_at_holdover_end,true_drift_during_holdover,true_absmax_during_holdover,frozen_code,observed_during_outage,last_valid_count_err_before,first_valid_count_err_after,update_resume_frames_after_outage_end,max_excursion_pct,baseline_max_excursion_pct,rail_contact,baseline_rail_contact,final_code,final_err_pct,reachable_inst,reachable_avg16,reacq_inst_frames,status_inst,baseline_reacq_inst_frames,baseline_status_inst,reacq_avg16_frames,status_avg16,baseline_reacq_avg16_frames,baseline_status_avg16
constant_27C_3p3V,tt/sch,bangbang,0.0000,8000,1,0.5447,0.5447,0.0000,0.5447,164,none,-18,261,1,0.5447,0.5447,False,False,164,0.5447,True,True,none,controller_not_recovered,none,controller_not_recovered,none,controller_not_recovered,none,controller_not_recovered
constant_27C_3p3V,tt/sch,bangbang,0.0000,8000,16,0.5447,0.5447,0.0000,0.5447,164,none,-18,262,1,0.5447,0.5447,False,False,164,0.5447,True,True,none,controller_not_recovered,none,controller_not_recovered,none,controller_not_recovered,none,controller_not_recovered
constant_27C_3p3V,tt/sch,bangbang,0.0000,8000,256,0.5447,0.5447,0.0000,0.5447,164,none,-18,261,1,0.5447,0.5447,False,False,164,0.5447,True,True,none,controller_not_recovered,none,controller_not_recovered,none,controller_not_recovered,none,controller_not_recovered
ramp_1C_per_s,tt/sch,bangbang,0.0000,70500,1,0.2205,0.2206,0.0001,0.2206,164,none,-173,106,1,0.5826,0.5824,False,False,163,0.0513,True,True,none,controller_not_recovered,none,controller_not_recovered,0,recovered,0,recovered
ramp_1C_per_s,tt/sch,bangbang,0.0000,70500,16,0.2205,0.2217,0.0012,0.2217,164,none,-173,106,1,0.5827,0.5824,False,False,162,-0.5275,True,True,none,controller_not_recovered,none,controller_not_recovered,0,recovered,0,recovered
ramp_1C_per_s,tt/sch,bangbang,0.0000,70500,256,0.2205,0.2390,0.0185,0.2390,164,none,-173,115,1,0.5824,0.5824,False,False,163,0.0664,True,True,none,controller_not_recovered,none,controller_not_recovered,0,recovered,0,recovered
ramp_20C_per_s,tt/sch,bangbang,0.0000,11125,1,0.2205,0.2233,0.0029,0.2233,164,none,-174,108,1,0.5831,0.5817,False,False,158,0.5111,True,True,none,controller_not_recovered,none,controller_not_recovered,297,recovered,297,recovered
ramp_20C_per_s,tt/sch,bangbang,0.0000,11125,16,0.2205,0.2450,0.0245,0.2450,164,none,-174,118,1,0.5824,0.5817,False,False,157,-0.0380,True,True,none,controller_not_recovered,none,controller_not_recovered,282,recovered,282,recovered
ramp_20C_per_s,tt/sch,bangbang,0.0000,11125,256,0.2205,0.5829,0.3625,0.5829,164,none,-174,279,1,0.5829,0.5817,False,False,157,-0.0380,True,True,none,controller_not_recovered,none,controller_not_recovered,42,recovered,42,recovered
vdd_step_+27C,tt/sch,bangbang,0.0000,7999,1,-0.0378,-1.0340,-0.9962,1.0340,163,none,262,-496,1,1.0340,0.4574,False,False,165,0.1227,True,True,none,controller_not_recovered,none,controller_not_recovered,16,recovered,0,recovered
vdd_step_+27C,tt/sch,bangbang,0.0000,7999,16,-0.0378,-1.0340,-0.9962,1.0340,163,none,262,-496,1,1.0340,0.4574,False,False,165,0.1227,True,True,none,controller_not_recovered,none,controller_not_recovered,16,recovered,0,recovered
vdd_step_+27C,tt/sch,bangbang,0.0000,7999,256,-0.0378,-1.0340,-0.9962,1.0340,163,none,262,-497,1,1.0340,0.4574,False,False,165,0.1227,True,True,none,controller_not_recovered,none,controller_not_recovered,16,recovered,0,recovered
vdd_step_-40C,tt/sch,bangbang,0.0000,7999,1,-0.3097,-1.5795,-1.2698,1.5795,171,none,130,-758,1,1.5795,1.0060,False,False,173,-0.4291,True,True,none,controller_not_recovered,none,controller_not_recovered,17,recovered,0,recovered
vdd_step_-40C,tt/sch,bangbang,0.0000,7999,16,-0.3097,-1.5795,-1.2698,1.5795,171,none,130,-758,1,1.5795,1.0060,False,False,173,-0.4291,True,True,none,controller_not_recovered,none,controller_not_recovered,17,recovered,0,recovered
vdd_step_-40C,tt/sch,bangbang,0.0000,7999,256,-0.3097,-1.5795,-1.2698,1.5795,171,none,130,-758,1,1.5795,1.0060,False,False,173,-0.4291,True,True,none,controller_not_recovered,none,controller_not_recovered,17,recovered,0,recovered
constant_27C_3p3V,tt/sch,deadband,0.0000,8000,1,-0.0378,-0.0378,0.0000,0.0378,163,none,-18,-18,1,0.0378,0.0378,False,False,163,-0.0378,True,True,0,recovered,0,recovered,0,recovered,0,recovered
constant_27C_3p3V,tt/sch,deadband,0.0000,8000,16,-0.0378,-0.0378,0.0000,0.0378,163,none,-18,-19,1,0.0378,0.0378,False,False,163,-0.0378,True,True,0,recovered,0,recovered,0,recovered,0,recovered
constant_27C_3p3V,tt/sch,deadband,0.0000,8000,256,-0.0378,-0.0378,0.0000,0.0378,163,none,-18,-18,1,0.0378,0.0378,False,False,163,-0.0378,True,True,0,recovered,0,recovered,0,recovered,0,recovered
ramp_1C_per_s,tt/sch,deadband,0.0000,70500,1,0.2205,0.2206,0.0001,0.2206,164,none,-173,106,1,0.4255,0.4255,False,False,163,0.0513,True,True,2845,recovered,2845,recovered,0,recovered,0,recovered
ramp_1C_per_s,tt/sch,deadband,0.0000,70500,16,0.2205,0.2217,0.0012,0.2217,164,none,-173,107,1,0.4252,0.4255,False,False,163,0.0521,True,True,2826,recovered,2830,recovered,0,recovered,0,recovered
ramp_1C_per_s,tt/sch,deadband,0.0000,70500,256,0.2205,0.2390,0.0185,0.2390,164,none,-173,115,1,0.4256,0.4255,False,False,163,0.0664,True,True,2592,recovered,2590,recovered,0,recovered,0,recovered
ramp_20C_per_s,tt/sch,deadband,0.0000,11125,1,-0.3602,-0.3573,0.0029,0.3602,163,none,105,-172,1,0.4256,0.4265,False,False,157,-0.0380,True,True,614,recovered,614,recovered,0,recovered,0,recovered
ramp_20C_per_s,tt/sch,deadband,0.0000,11125,16,-0.3602,-0.3358,0.0244,0.3602,163,none,105,-161,1,0.4252,0.4265,False,False,157,-0.0380,True,True,600,recovered,599,recovered,6,recovered,0,recovered
ramp_20C_per_s,tt/sch,deadband,0.0000,11125,256,-0.3602,0.0002,0.3604,0.3602,163,none,105,1,1,0.4264,0.4265,False,False,157,-0.0380,True,True,361,recovered,359,recovered,0,recovered,0,recovered
vdd_step_+27C,tt/sch,deadband,0.0000,7999,1,-0.0378,-1.0340,-0.9962,1.0340,163,none,-18,-497,1,1.0340,1.0340,False,False,165,0.1227,True,True,3,recovered,2,recovered,0,recovered,0,recovered
vdd_step_+27C,tt/sch,deadband,0.0000,7999,16,-0.0378,-1.0340,-0.9962,1.0340,163,none,-18,-497,1,1.0340,1.0340,False,False,165,0.1227,True,True,3,recovered,0,recovered,13,recovered,0,recovered
vdd_step_+27C,tt/sch,deadband,0.0000,7999,256,-0.0378,-1.0340,-0.9962,1.0340,163,none,-18,-496,1,1.0340,1.0340,False,False,165,0.1227,True,True,3,recovered,0,recovered,13,recovered,0,recovered
vdd_step_-40C,tt/sch,deadband,0.0000,7999,1,-0.3097,-1.5795,-1.2698,1.5795,171,none,130,-758,1,1.5795,1.0060,False,False,174,0.1511,True,True,4,recovered,2,recovered,9,recovered,0,recovered
vdd_step_-40C,tt/sch,deadband,0.0000,7999,16,-0.3097,-1.5795,-1.2698,1.5795,171,none,130,-758,1,1.5795,1.0060,False,False,174,0.1511,True,True,4,recovered,0,recovered,15,recovered,0,recovered
vdd_step_-40C,tt/sch,deadband,0.0000,7999,256,-0.3097,-1.5795,-1.2698,1.5795,171,none,130,-758,1,1.5795,1.0060,False,False,174,0.1511,True,True,4,recovered,0,recovered,15,recovered,0,recovered
constant_27C_3p3V,tt/sch,avg32,0.0000,8000,1,-0.0378,-0.0378,0.0000,0.0378,163,none,-18,-18,1,0.0378,0.0378,False,False,163,-0.0378,True,True,0,recovered,0,recovered,0,recovered,0,recovered
constant_27C_3p3V,tt/sch,avg32,0.0000,8000,16,-0.0378,-0.0378,0.0000,0.0378,163,none,-18,-18,1,0.0378,0.0378,False,False,163,-0.0378,True,True,0,recovered,0,recovered,0,recovered,0,recovered
constant_27C_3p3V,tt/sch,avg32,0.0000,8000,256,-0.0378,-0.0378,0.0000,0.0378,163,none,-18,-18,1,0.0378,0.0378,False,False,163,-0.0378,True,True,0,recovered,0,recovered,0,recovered,0,recovered
ramp_1C_per_s,tt/sch,avg32,0.0000,70500,1,0.2205,0.2206,0.0001,0.2206,164,none,106,106,1,0.4255,0.4253,False,False,163,0.0513,True,True,2845,recovered,2843,recovered,2849,recovered,2847,recovered
ramp_1C_per_s,tt/sch,avg32,0.0000,70500,16,0.2205,0.2217,0.0012,0.2217,164,none,106,107,1,0.4265,0.4253,False,False,163,0.0521,True,True,2845,recovered,2828,recovered,2849,recovered,2832,recovered
ramp_1C_per_s,tt/sch,avg32,0.0000,70500,256,0.2205,0.2390,0.0185,0.2390,164,none,106,115,1,0.4254,0.4253,False,False,163,0.0664,True,True,2589,recovered,2588,recovered,2593,recovered,2592,recovered
ramp_20C_per_s,tt/sch,avg32,0.0000,11125,1,-0.3602,-0.3573,0.0029,0.3602,163,none,-174,-171,1,0.4683,0.4654,False,False,157,-0.0380,True,True,172,recovered,170,recovered,177,recovered,175,recovered
ramp_20C_per_s,tt/sch,avg32,0.0000,11125,16,-0.3602,-0.3358,0.0244,0.3602,163,none,-174,-161,1,0.4899,0.4654,False,False,157,-0.0380,True,True,588,recovered,155,recovered,592,recovered,160,recovered
ramp_20C_per_s,tt/sch,avg32,0.0000,11125,256,-0.3602,0.0002,0.3604,0.3602,163,none,-174,0,1,0.6331,0.4654,False,False,157,-0.0380,True,True,364,recovered,363,recovered,368,recovered,367,recovered
vdd_step_+27C,tt/sch,avg32,0.0000,7999,1,-0.0378,-1.0340,-0.9962,1.0340,163,none,-18,-496,1,1.0340,1.0340,False,False,165,0.1227,True,True,66,recovered,64,recovered,71,recovered,69,recovered
vdd_step_+27C,tt/sch,avg32,0.0000,7999,16,-0.0378,-1.0340,-0.9962,1.0340,163,none,-18,-496,1,1.0340,1.0340,False,False,165,0.1227,True,True,66,recovered,49,recovered,71,recovered,54,recovered
vdd_step_+27C,tt/sch,avg32,0.0000,7999,256,-0.0378,-1.0340,-0.9962,1.0340,163,none,-18,-497,1,1.0340,1.0340,False,False,165,0.1227,True,True,66,recovered,0,recovered,71,recovered,0,recovered
vdd_step_-40C,tt/sch,avg32,0.0000,7999,1,-0.3097,-1.5795,-1.2698,1.5795,171,none,-149,-759,1,1.5795,1.0060,False,False,174,0.1511,True,True,66,recovered,64,recovered,70,recovered,68,recovered
vdd_step_-40C,tt/sch,avg32,0.0000,7999,16,-0.3097,-1.5795,-1.2698,1.5795,171,none,-149,-758,1,1.5795,1.0060,False,False,174,0.1511,True,True,66,recovered,49,recovered,70,recovered,53,recovered
vdd_step_-40C,tt/sch,avg32,0.0000,7999,256,-0.3097,-1.5795,-1.2698,1.5795,171,none,-149,-758,1,1.5795,1.0060,False,False,174,0.1511,True,True,66,recovered,0,recovered,70,recovered,0,recovered
constant_27C_3p3V,tt/sch,fracdither,0.0000,8000,1,-0.0378,-0.0378,0.0000,0.0378,163,none,-18,-19,1,0.6169,0.6169,False,False,163,-0.0378,True,True,none,controller_not_recovered,none,controller_not_recovered,0,recovered,0,recovered
constant_27C_3p3V,tt/sch,fracdither,0.0000,8000,16,-0.0378,-0.0378,0.0000,0.0378,163,none,-18,-18,1,0.6169,0.6169,False,False,163,-0.0378,True,True,none,controller_not_recovered,none,controller_not_recovered,0,recovered,0,recovered
constant_27C_3p3V,tt/sch,fracdither,0.0000,8000,256,-0.0378,-0.0378,0.0000,0.0378,163,none,-18,-18,1,0.6169,0.6169,False,False,163,-0.0378,True,True,none,controller_not_recovered,none,controller_not_recovered,0,recovered,0,recovered
ramp_1C_per_s,tt/sch,fracdither,0.0000,70500,1,0.2205,0.2206,0.0001,0.2206,164,none,-172,106,1,0.7032,0.6971,False,False,162,-0.5284,True,True,none,controller_not_recovered,none,controller_not_recovered,0,recovered,0,recovered
ramp_1C_per_s,tt/sch,fracdither,0.0000,70500,16,0.2205,0.2217,0.0012,0.2217,164,none,-172,107,1,0.6983,0.6971,False,False,163,0.0521,True,True,none,controller_not_recovered,none,controller_not_recovered,0,recovered,0,recovered
ramp_1C_per_s,tt/sch,fracdither,0.0000,70500,256,0.2205,0.2390,0.0185,0.2390,164,none,-172,115,1,0.7004,0.6971,False,False,164,0.6495,True,True,none,controller_not_recovered,none,controller_not_recovered,0,recovered,0,recovered
ramp_20C_per_s,tt/sch,fracdither,0.0000,11125,1,-0.3602,-0.3573,0.0029,0.3602,163,none,105,-171,1,0.7346,0.6796,False,False,157,-0.0380,True,True,none,controller_not_recovered,none,controller_not_recovered,0,recovered,0,recovered
ramp_20C_per_s,tt/sch,fracdither,0.0000,11125,16,-0.3602,-0.3358,0.0244,0.3602,163,none,105,-161,1,0.6850,0.6796,False,False,157,-0.0380,True,True,none,controller_not_recovered,none,controller_not_recovered,6,recovered,0,recovered
ramp_20C_per_s,tt/sch,fracdither,0.0000,11125,256,-0.3602,0.0002,0.3604,0.3602,163,none,105,0,1,0.6921,0.6796,False,False,157,-0.0380,True,True,none,controller_not_recovered,none,controller_not_recovered,0,recovered,0,recovered
vdd_step_+27C,tt/sch,fracdither,0.0000,7999,1,-0.0378,-1.0340,-0.9962,1.0340,163,none,-18,-497,1,1.0340,1.0340,False,False,164,-0.4574,True,True,none,controller_not_recovered,none,controller_not_recovered,0,recovered,0,recovered
vdd_step_+27C,tt/sch,fracdither,0.0000,7999,16,-0.0378,-1.0340,-0.9962,1.0340,163,none,-18,-496,1,1.0340,1.0340,False,False,164,-0.4574,True,True,none,controller_not_recovered,none,controller_not_recovered,15,recovered,0,recovered
vdd_step_+27C,tt/sch,fracdither,0.0000,7999,256,-0.0378,-1.0340,-0.9962,1.0340,163,none,-18,-497,1,1.0340,1.0340,False,False,164,-0.4574,True,True,none,controller_not_recovered,none,controller_not_recovered,15,recovered,0,recovered
vdd_step_-40C,tt/sch,fracdither,0.0000,7999,1,-0.3097,-1.5795,-1.2698,1.5795,171,none,130,-759,1,1.5795,1.0060,False,False,174,0.1511,True,True,none,controller_not_recovered,none,controller_not_recovered,16,recovered,0,recovered
vdd_step_-40C,tt/sch,fracdither,0.0000,7999,16,-0.3097,-1.5795,-1.2698,1.5795,171,none,130,-758,1,1.5795,1.0060,False,False,174,0.1511,True,True,none,controller_not_recovered,none,controller_not_recovered,16,recovered,0,recovered
vdd_step_-40C,tt/sch,fracdither,0.0000,7999,256,-0.3097,-1.5795,-1.2698,1.5795,171,none,130,-758,1,1.5795,1.0060,False,False,174,0.1511,True,True,none,controller_not_recovered,none,controller_not_recovered,16,recovered,0,recovered
constant_27C_3p3V,ff/sch,bangbang,0.0000,8000,1,0.0628,0.0628,0.0000,0.0628,90,none,-164,30,1,0.3411,0.3411,False,False,90,0.0628,True,True,none,controller_not_recovered,none,controller_not_recovered,0,recovered,0,recovered
constant_27C_3p3V,ff/sch,bangbang,0.0000,8000,16,0.0628,0.0628,0.0000,0.0628,90,none,-164,30,1,0.3411,0.3411,False,False,90,0.0628,True,True,none,controller_not_recovered,none,controller_not_recovered,0,recovered,0,recovered
constant_27C_3p3V,ff/sch,bangbang,0.0000,8000,256,0.0628,0.0628,0.0000,0.0628,90,none,-164,30,1,0.3411,0.3411,False,False,90,0.0628,True,True,none,controller_not_recovered,none,controller_not_recovered,0,recovered,0,recovered
ramp_1C_per_s,ff/sch,bangbang,0.0000,70500,1,-0.2628,-0.2626,0.0001,0.2628,90,none,68,-126,1,0.4052,0.4051,False,False,89,-0.2407,True,True,176,recovered,176,recovered,0,recovered,0,recovered
ramp_1C_per_s,ff/sch,bangbang,0.0000,70500,16,-0.2628,-0.2615,0.0012,0.2628,90,none,68,-126,1,0.4051,0.4051,False,False,89,-0.2397,True,True,160,recovered,161,recovered,2,recovered,0,recovered
ramp_1C_per_s,ff/sch,bangbang,0.0000,70500,256,-0.2628,-0.2442,0.0186,0.2628,90,none,68,-117,1,0.4051,0.4051,False,False,90,0.1808,True,True,0,recovered,0,recovered,0,recovered,0,recovered
ramp_20C_per_s,ff/sch,bangbang,0.0000,11125,1,0.1415,0.1444,0.0029,0.1444,91,none,-127,70,1,0.4049,0.4061,False,False,80,-0.1593,True,True,3054,recovered,3054,recovered,0,recovered,0,recovered
ramp_20C_per_s,ff/sch,bangbang,0.0000,11125,16,0.1415,0.1662,0.0247,0.1662,91,none,-127,80,1,0.4049,0.4061,False,False,80,-0.1593,True,True,3038,recovered,3039,recovered,0,recovered,0,recovered
ramp_20C_per_s,ff/sch,bangbang,0.0000,11125,256,0.1415,0.5116,0.3701,0.5116,91,none,-127,246,1,0.5116,0.4061,False,False,81,0.2453,True,True,2799,recovered,2799,recovered,9,recovered,0,recovered
vdd_step_+27C,ff/sch,bangbang,0.0000,7999,1,-0.3411,-1.2580,-0.9169,1.2580,89,none,30,-603,1,1.2580,0.8578,False,False,93,0.3527,True,True,none,controller_not_recovered,none,controller_not_recovered,9,recovered,0,recovered
vdd_step_+27C,ff/sch,bangbang,0.0000,7999,16,-0.3411,-1.2580,-0.9169,1.2580,89,none,30,-604,1,1.2580,0.8578,False,False,93,0.3527,True,True,none,controller_not_recovered,none,controller_not_recovered,14,recovered,0,recovered
vdd_step_+27C,ff/sch,bangbang,0.0000,7999,256,-0.3411,-1.2580,-0.9169,1.2580,89,none,30,-604,1,1.2580,0.8578,False,False,93,0.3527,True,True,none,controller_not_recovered,none,controller_not_recovered,14,recovered,0,recovered
vdd_step_-40C,ff/sch,bangbang,0.0000,7999,1,-0.3278,-1.3550,-1.0272,1.3550,101,none,49,-650,1,1.3550,0.9304,False,False,105,0.3542,True,True,none,controller_not_recovered,none,controller_not_recovered,11,recovered,0,recovered
vdd_step_-40C,ff/sch,bangbang,0.0000,7999,16,-0.3278,-1.3550,-1.0272,1.3550,101,none,49,-650,1,1.3550,0.9304,False,False,105,0.3542,True,True,none,controller_not_recovered,none,controller_not_recovered,15,recovered,0,recovered
vdd_step_-40C,ff/sch,bangbang,0.0000,7999,256,-0.3278,-1.3550,-1.0272,1.3550,101,none,49,-651,1,1.3550,0.9304,False,False,105,0.3542,True,True,none,controller_not_recovered,none,controller_not_recovered,15,recovered,0,recovered
constant_27C_3p3V,ff/sch,deadband,0.0000,8000,1,0.0628,0.0628,0.0000,0.0628,90,none,30,30,1,0.0628,0.0628,False,False,90,0.0628,True,True,0,recovered,0,recovered,0,recovered,0,recovered
constant_27C_3p3V,ff/sch,deadband,0.0000,8000,16,0.0628,0.0628,0.0000,0.0628,90,none,30,30,1,0.0628,0.0628,False,False,90,0.0628,True,True,0,recovered,0,recovered,0,recovered,0,recovered
constant_27C_3p3V,ff/sch,deadband,0.0000,8000,256,0.0628,0.0628,0.0000,0.0628,90,none,30,30,1,0.0628,0.0628,False,False,90,0.0628,True,True,0,recovered,0,recovered,0,recovered,0,recovered
ramp_1C_per_s,ff/sch,deadband,0.0000,70500,1,0.1415,0.1417,0.0001,0.1417,91,none,67,68,1,0.2484,0.2484,False,False,89,-0.2407,True,True,0,recovered,0,recovered,0,recovered,0,recovered
ramp_1C_per_s,ff/sch,deadband,0.0000,70500,16,0.1415,0.1428,0.0012,0.1428,91,none,67,69,1,0.2484,0.2484,False,False,90,0.1647,True,True,0,recovered,0,recovered,0,recovered,0,recovered
ramp_1C_per_s,ff/sch,deadband,0.0000,70500,256,0.1415,0.1602,0.0187,0.1602,91,none,67,77,1,0.2479,0.2484,False,False,90,0.1808,True,True,0,recovered,0,recovered,0,recovered,0,recovered
ramp_20C_per_s,ff/sch,deadband,0.0000,11125,1,0.1415,0.1444,0.0029,0.1444,91,none,67,69,1,0.2493,0.2493,False,False,81,0.2453,True,True,0,recovered,0,recovered,0,recovered,0,recovered
ramp_20C_per_s,ff/sch,deadband,0.0000,11125,16,0.1415,0.1662,0.0247,0.1662,91,none,67,79,1,0.2484,0.2493,False,False,80,-0.1593,True,True,0,recovered,0,recovered,0,recovered,0,recovered
ramp_20C_per_s,ff/sch,deadband,0.0000,11125,256,0.1415,0.5116,0.3701,0.5116,91,none,67,246,1,0.5116,0.2493,False,False,80,-0.1593,True,True,2,recovered,0,recovered,12,recovered,0,recovered
vdd_step_+27C,ff/sch,deadband,0.0000,7999,1,0.0628,-0.8578,-0.9206,0.8578,90,none,30,-411,1,0.8578,0.8578,False,False,92,-0.0524,True,True,3,recovered,2,recovered,0,recovered,0,recovered
vdd_step_+27C,ff/sch,deadband,0.0000,7999,16,0.0628,-0.8578,-0.9206,0.8578,90,none,30,-412,1,0.8578,0.8578,False,False,92,-0.0524,True,True,3,recovered,0,recovered,14,recovered,0,recovered
vdd_step_+27C,ff/sch,deadband,0.0000,7999,256,0.0628,-0.8578,-0.9206,0.8578,90,none,30,-411,1,0.8578,0.8578,False,False,92,-0.0524,True,True,3,recovered,0,recovered,14,recovered,0,recovered
vdd_step_-40C,ff/sch,deadband,0.0000,7999,1,0.1012,-0.9304,-1.0316,0.9304,102,none,49,-447,1,0.9304,0.9304,False,False,104,-0.0759,True,True,3,recovered,2,recovered,0,recovered,0,recovered
vdd_step_-40C,ff/sch,deadband,0.0000,7999,16,0.1012,-0.9304,-1.0316,0.9304,102,none,49,-446,1,0.9304,0.9304,False,False,104,-0.0759,True,True,3,recovered,0,recovered,15,recovered,0,recovered
vdd_step_-40C,ff/sch,deadband,0.0000,7999,256,0.1012,-0.9304,-1.0316,0.9304,102,none,49,-447,1,0.9304,0.9304,False,False,104,-0.0759,True,True,3,recovered,0,recovered,15,recovered,0,recovered
constant_27C_3p3V,ff/sch,avg32,0.0000,8000,1,0.0628,0.0628,0.0000,0.0628,90,none,30,30,1,0.0628,0.0628,False,False,90,0.0628,True,True,0,recovered,0,recovered,0,recovered,0,recovered
constant_27C_3p3V,ff/sch,avg32,0.0000,8000,16,0.0628,0.0628,0.0000,0.0628,90,none,30,30,1,0.0628,0.0628,False,False,90,0.0628,True,True,0,recovered,0,recovered,0,recovered,0,recovered
constant_27C_3p3V,ff/sch,avg32,0.0000,8000,256,0.0628,0.0628,0.0000,0.0628,90,none,30,30,1,0.0628,0.0628,False,False,90,0.0628,True,True,0,recovered,0,recovered,0,recovered,0,recovered
ramp_1C_per_s,ff/sch,avg32,0.0000,70500,1,0.1415,0.1417,0.0001,0.1417,91,none,68,68,1,0.2506,0.2504,False,False,89,-0.2407,True,True,0,recovered,0,recovered,0,recovered,0,recovered
ramp_1C_per_s,ff/sch,avg32,0.0000,70500,16,0.1415,0.1428,0.0012,0.1428,91,none,68,69,1,0.2516,0.2504,False,False,89,-0.2397,True,True,0,recovered,0,recovered,0,recovered,0,recovered
ramp_1C_per_s,ff/sch,avg32,0.0000,70500,256,0.1415,0.1602,0.0187,0.1602,91,none,68,76,1,0.2505,0.2504,False,False,89,-0.2236,True,True,0,recovered,0,recovered,0,recovered,0,recovered
ramp_20C_per_s,ff/sch,avg32,0.0000,11125,1,0.1415,0.1444,0.0029,0.1444,91,none,67,69,1,0.2984,0.2955,False,False,81,0.2453,True,True,108,recovered,106,recovered,109,recovered,107,recovered
ramp_20C_per_s,ff/sch,avg32,0.0000,11125,16,0.1415,0.1662,0.0247,0.1662,91,none,67,79,1,0.3013,0.2955,False,False,81,0.2453,True,True,0,recovered,91,recovered,0,recovered,92,recovered
ramp_20C_per_s,ff/sch,avg32,0.0000,11125,256,0.1415,0.5116,0.3701,0.5116,91,none,67,246,1,0.5251,0.2955,False,False,81,0.2453,True,True,140,recovered,139,recovered,141,recovered,140,recovered
vdd_step_+27C,ff/sch,avg32,0.0000,7999,1,0.0628,-0.8578,-0.9206,0.8578,90,none,30,-412,1,0.8578,0.8578,False,False,92,-0.0524,True,True,66,recovered,64,recovered,74,recovered,72,recovered
vdd_step_+27C,ff/sch,avg32,0.0000,7999,16,0.0628,-0.8578,-0.9206,0.8578,90,none,30,-412,1,0.8578,0.8578,False,False,92,-0.0524,True,True,66,recovered,49,recovered,74,recovered,57,recovered
vdd_step_+27C,ff/sch,avg32,0.0000,7999,256,0.0628,-0.8578,-0.9206,0.8578,90,none,30,-411,1,0.8578,0.8578,False,False,92,-0.0524,True,True,66,recovered,0,recovered,74,recovered,0,recovered
vdd_step_-40C,ff/sch,avg32,0.0000,7999,1,0.1012,-0.9304,-1.0316,0.9304,102,none,48,-446,1,0.9304,0.9304,False,False,104,-0.0759,True,True,66,recovered,64,recovered,75,recovered,73,recovered
vdd_step_-40C,ff/sch,avg32,0.0000,7999,16,0.1012,-0.9304,-1.0316,0.9304,102,none,48,-446,1,0.9304,0.9304,False,False,104,-0.0759,True,True,66,recovered,49,recovered,75,recovered,58,recovered
vdd_step_-40C,ff/sch,avg32,0.0000,7999,256,0.1012,-0.9304,-1.0316,0.9304,102,none,48,-447,1,0.9304,0.9304,False,False,104,-0.0759,True,True,66,recovered,0,recovered,75,recovered,0,recovered
constant_27C_3p3V,ff/sch,fracdither,0.0000,8000,1,0.0628,0.0628,0.0000,0.0628,90,none,30,30,1,0.3411,0.3411,False,False,90,0.0628,True,True,none,controller_not_recovered,none,controller_not_recovered,0,recovered,0,recovered
constant_27C_3p3V,ff/sch,fracdither,0.0000,8000,16,0.0628,0.0628,0.0000,0.0628,90,none,30,30,1,0.3411,0.3411,False,False,90,0.0628,True,True,none,controller_not_recovered,none,controller_not_recovered,0,recovered,0,recovered
constant_27C_3p3V,ff/sch,fracdither,0.0000,8000,256,0.0628,0.0628,0.0000,0.0628,90,none,30,30,1,0.3411,0.3411,False,False,90,0.0628,True,True,none,controller_not_recovered,none,controller_not_recovered,0,recovered,0,recovered
ramp_1C_per_s,ff/sch,fracdither,0.0000,70500,1,0.1415,0.1417,0.0001,0.1417,91,none,-126,68,1,0.4642,0.4617,False,False,90,0.1637,True,True,175,recovered,176,recovered,0,recovered,0,recovered
ramp_1C_per_s,ff/sch,fracdither,0.0000,70500,16,0.1415,0.1428,0.0012,0.1428,91,none,-126,69,1,0.4606,0.4617,False,False,89,-0.2397,True,True,161,recovered,161,recovered,0,recovered,0,recovered
ramp_1C_per_s,ff/sch,fracdither,0.0000,70500,256,0.1415,0.1602,0.0187,0.1602,91,none,-126,77,1,0.4595,0.4617,False,False,90,0.1808,True,True,0,recovered,0,recovered,0,recovered,0,recovered
ramp_20C_per_s,ff/sch,fracdither,0.0000,11125,1,-0.2628,-0.2599,0.0029,0.2628,90,none,68,-125,1,0.4574,0.4510,False,False,80,-0.1593,True,True,3054,recovered,3052,recovered,0,recovered,0,recovered
ramp_20C_per_s,ff/sch,fracdither,0.0000,11125,16,-0.2628,-0.2382,0.0246,0.2628,90,none,68,-114,1,0.4548,0.4510,False,False,81,0.2453,True,True,3038,recovered,3037,recovered,1,recovered,0,recovered
ramp_20C_per_s,ff/sch,fracdither,0.0000,11125,256,-0.2628,0.1058,0.3686,0.2628,90,none,68,51,1,0.5143,0.4510,False,False,80,-0.1593,True,True,2799,recovered,2797,recovered,0,recovered,0,recovered
vdd_step_+27C,ff/sch,fracdither,0.0000,7999,1,0.0628,-0.8578,-0.9206,0.8578,90,none,30,-411,1,0.8578,0.8578,False,False,92,-0.0524,True,True,none,controller_not_recovered,none,controller_not_recovered,12,recovered,0,recovered
vdd_step_+27C,ff/sch,fracdither,0.0000,7999,16,0.0628,-0.8578,-0.9206,0.8578,90,none,30,-411,1,0.8578,0.8578,False,False,92,-0.0524,True,True,none,controller_not_recovered,none,controller_not_recovered,15,recovered,0,recovered
vdd_step_+27C,ff/sch,fracdither,0.0000,7999,256,0.0628,-0.8578,-0.9206,0.8578,90,none,30,-412,1,0.8578,0.8578,False,False,92,-0.0524,True,True,none,controller_not_recovered,none,controller_not_recovered,15,recovered,0,recovered
vdd_step_-40C,ff/sch,fracdither,0.0000,7999,1,0.1012,-0.9304,-1.0316,0.9304,102,none,48,-447,1,0.9304,0.9304,False,False,104,-0.0759,True,True,none,controller_not_recovered,none,controller_not_recovered,8,recovered,0,recovered
vdd_step_-40C,ff/sch,fracdither,0.0000,7999,16,0.1012,-0.9304,-1.0316,0.9304,102,none,48,-447,1,0.9304,0.9304,False,False,104,-0.0759,True,True,none,controller_not_recovered,none,controller_not_recovered,15,recovered,0,recovered
vdd_step_-40C,ff/sch,fracdither,0.0000,7999,256,0.1012,-0.9304,-1.0316,0.9304,102,none,48,-447,1,0.9304,0.9304,False,False,104,-0.0759,True,True,none,controller_not_recovered,none,controller_not_recovered,15,recovered,0,recovered
constant_27C_3p3V,ss/sch,bangbang,0.0000,8000,1,-0.1183,-0.1183,0.0000,0.1183,206,none,284,-57,1,0.5928,0.5928,False,False,206,-0.1183,True,True,none,controller_not_recovered,none,controller_not_recovered,0,recovered,0,recovered
constant_27C_3p3V,ss/sch,bangbang,0.0000,8000,16,-0.1183,-0.1183,0.0000,0.1183,206,none,284,-57,1,0.5928,0.5928,False,False,206,-0.1183,True,True,none,controller_not_recovered,none,controller_not_recovered,0,recovered,0,recovered
constant_27C_3p3V,ss/sch,bangbang,0.0000,8000,256,-0.1183,-0.1183,0.0000,0.1183,206,none,284,-57,1,0.5928,0.5928,False,False,206,-0.1183,True,True,none,controller_not_recovered,none,controller_not_recovered,0,recovered,0,recovered
ramp_1C_per_s,ss/sch,bangbang,0.0000,70500,1,-0.4530,-0.4529,0.0001,0.4530,206,none,123,-217,1,0.6766,0.6766,False,False,206,-0.0350,True,True,none,controller_not_recovered,none,controller_not_recovered,0,recovered,0,recovered
ramp_1C_per_s,ss/sch,bangbang,0.0000,70500,16,-0.4530,-0.4518,0.0013,0.4530,206,none,123,-217,1,0.6775,0.6775,False,False,206,-0.0341,True,True,none,controller_not_recovered,none,controller_not_recovered,10,recovered,0,recovered
ramp_1C_per_s,ss/sch,bangbang,0.0000,70500,256,-0.4530,-0.4339,0.0191,0.4530,206,none,123,-208,1,0.6909,0.6910,False,False,206,-0.0208,True,True,none,controller_not_recovered,none,controller_not_recovered,10,recovered,0,recovered
ramp_20C_per_s,ss/sch,bangbang,0.0000,11125,1,0.2557,0.2587,0.0030,0.2587,207,none,-218,124,1,0.7127,0.7116,False,False,201,-0.4896,True,True,none,controller_not_recovered,none,controller_not_recovered,432,recovered,432,recovered
ramp_20C_per_s,ss/sch,bangbang,0.0000,11125,16,0.2557,0.2811,0.0255,0.2811,207,none,-218,135,1,0.7114,0.7116,False,False,201,-0.4896,True,True,none,controller_not_recovered,none,controller_not_recovered,417,recovered,417,recovered
ramp_20C_per_s,ss/sch,bangbang,0.0000,11125,256,0.2557,0.6286,0.3729,0.6286,207,none,-218,302,1,0.7123,0.7116,False,False,201,-0.4896,True,True,none,controller_not_recovered,none,controller_not_recovered,177,recovered,177,recovered
vdd_step_+27C,ss/sch,bangbang,0.0000,7999,1,0.5928,-0.8056,-1.3984,0.8056,207,none,-57,-387,1,0.8056,1.5068,False,False,209,0.6804,True,True,none,controller_not_recovered,none,controller_not_recovered,none,controller_not_recovered,none,controller_not_recovered
vdd_step_+27C,ss/sch,bangbang,0.0000,7999,16,0.5928,-0.8056,-1.3984,0.8056,207,none,-57,-386,1,0.8056,1.5068,False,False,209,0.6804,True,True,none,controller_not_recovered,none,controller_not_recovered,none,controller_not_recovered,none,controller_not_recovered
vdd_step_+27C,ss/sch,bangbang,0.0000,7999,256,0.5928,-0.8056,-1.3984,0.8056,207,none,-57,-387,1,0.8056,1.5068,False,False,209,0.6804,True,True,none,controller_not_recovered,none,controller_not_recovered,none,controller_not_recovered,none,controller_not_recovered
vdd_step_-40C,ss/sch,bangbang,0.0000,7999,1,0.0699,-1.2878,-1.3577,1.2878,213,none,-338,-618,1,1.2878,2.0524,False,False,215,0.2593,False,True,none,plant_unreachable,none,plant_unreachable,16,recovered,16,recovered
vdd_step_-40C,ss/sch,bangbang,0.0000,7999,16,0.0699,-1.2878,-1.3577,1.2878,213,none,-338,-619,1,1.2878,2.0524,False,False,215,0.2593,False,True,none,plant_unreachable,none,plant_unreachable,16,recovered,1,recovered
vdd_step_-40C,ss/sch,bangbang,0.0000,7999,256,0.0699,-1.2878,-1.3577,1.2878,213,none,-338,-618,1,1.2878,2.0524,False,False,215,0.2593,False,True,none,plant_unreachable,none,plant_unreachable,16,recovered,0,recovered
constant_27C_3p3V,ss/sch,deadband,0.0000,8000,1,-0.1183,-0.1183,0.0000,0.1183,206,none,-56,-57,1,0.1183,0.1183,False,False,206,-0.1183,True,True,0,recovered,0,recovered,0,recovered,0,recovered
constant_27C_3p3V,ss/sch,deadband,0.0000,8000,16,-0.1183,-0.1183,0.0000,0.1183,206,none,-56,-56,1,0.1183,0.1183,False,False,206,-0.1183,True,True,0,recovered,0,recovered,0,recovered,0,recovered
constant_27C_3p3V,ss/sch,deadband,0.0000,8000,256,-0.1183,-0.1183,0.0000,0.1183,206,none,-56,-57,1,0.1183,0.1183,False,False,206,-0.1183,True,True,0,recovered,0,recovered,0,recovered,0,recovered
ramp_1C_per_s,ss/sch,deadband,0.0000,70500,1,-0.4530,-0.4529,0.0001,0.4530,206,none,123,-217,1,0.5541,0.5541,False,False,206,-0.0350,True,True,3983,recovered,3984,recovered,0,recovered,0,recovered
ramp_1C_per_s,ss/sch,deadband,0.0000,70500,16,-0.4530,-0.4518,0.0013,0.4530,206,none,123,-217,1,0.5541,0.5541,False,False,206,-0.0341,True,True,3969,recovered,3969,recovered,10,recovered,0,recovered
ramp_1C_per_s,ss/sch,deadband,0.0000,70500,256,-0.4530,-0.4339,0.0191,0.4530,206,none,123,-208,1,0.5541,0.5541,False,False,206,-0.0208,True,True,3729,recovered,3729,recovered,10,recovered,0,recovered
ramp_20C_per_s,ss/sch,deadband,0.0000,11125,1,-0.4530,-0.4501,0.0030,0.4530,206,none,122,-216,1,0.5545,0.5556,False,False,202,0.2189,True,True,199,recovered,199,recovered,0,recovered,0,recovered
ramp_20C_per_s,ss/sch,deadband,0.0000,11125,16,-0.4530,-0.4277,0.0253,0.4530,206,none,122,-206,1,0.5538,0.5556,False,False,201,-0.4896,True,True,183,recovered,184,recovered,9,recovered,0,recovered
ramp_20C_per_s,ss/sch,deadband,0.0000,11125,256,-0.4530,-0.0827,0.3703,0.4530,206,none,122,-39,1,0.5550,0.5556,False,False,201,-0.4896,True,True,574,recovered,576,recovered,0,recovered,0,recovered
vdd_step_+27C,ss/sch,deadband,0.0000,7999,1,-0.1183,-1.5068,-1.3885,1.5068,206,none,-57,-723,1,1.5068,1.5068,False,False,208,-0.0994,True,True,3,recovered,2,recovered,16,recovered,0,recovered
vdd_step_+27C,ss/sch,deadband,0.0000,7999,16,-0.1183,-1.5068,-1.3885,1.5068,206,none,-57,-723,1,1.5068,1.5068,False,False,208,-0.0994,True,True,3,recovered,0,recovered,16,recovered,0,recovered
vdd_step_+27C,ss/sch,deadband,0.0000,7999,256,-0.1183,-1.5068,-1.3885,1.5068,206,none,-57,-723,1,1.5068,1.5068,False,False,208,-0.0994,True,True,3,recovered,0,recovered,16,recovered,0,recovered
vdd_step_-40C,ss/sch,deadband,0.0000,7999,1,0.0699,-1.2878,-1.3577,1.2878,213,none,34,-618,1,1.2878,1.2878,False,False,215,0.2593,False,True,none,plant_unreachable,none,plant_unreachable,16,recovered,0,recovered
vdd_step_-40C,ss/sch,deadband,0.0000,7999,16,0.0699,-1.2878,-1.3577,1.2878,213,none,34,-618,1,1.2878,1.2878,False,False,215,0.2593,False,True,none,plant_unreachable,none,plant_unreachable,16,recovered,0,recovered
vdd_step_-40C,ss/sch,deadband,0.0000,7999,256,0.0699,-1.2878,-1.3577,1.2878,213,none,34,-618,1,1.2878,1.2878,False,False,215,0.2593,False,True,none,plant_unreachable,none,plant_unreachable,16,recovered,0,recovered
constant_27C_3p3V,ss/sch,avg32,0.0000,8000,1,-0.1183,-0.1183,0.0000,0.1183,206,none,-57,-57,1,0.1183,0.1183,False,False,206,-0.1183,True,True,0,recovered,0,recovered,0,recovered,0,recovered
constant_27C_3p3V,ss/sch,avg32,0.0000,8000,16,-0.1183,-0.1183,0.0000,0.1183,206,none,-57,-57,1,0.1183,0.1183,False,False,206,-0.1183,True,True,0,recovered,0,recovered,0,recovered,0,recovered
constant_27C_3p3V,ss/sch,avg32,0.0000,8000,256,-0.1183,-0.1183,0.0000,0.1183,206,none,-57,-57,1,0.1183,0.1183,False,False,206,-0.1183,True,True,0,recovered,0,recovered,0,recovered,0,recovered
ramp_1C_per_s,ss/sch,avg32,0.0000,70500,1,-0.4530,-0.4529,0.0001,0.4530,206,none,-218,-217,1,0.5575,0.5574,False,False,206,-0.0350,True,True,4029,recovered,4027,recovered,4035,recovered,4033,recovered
ramp_1C_per_s,ss/sch,avg32,0.0000,70500,16,-0.4530,-0.4518,0.0013,0.4530,206,none,-218,-217,1,0.5538,0.5574,False,False,206,-0.0341,True,True,3965,recovered,4012,recovered,3971,recovered,4018,recovered
ramp_1C_per_s,ss/sch,avg32,0.0000,70500,256,-0.4530,-0.4339,0.0191,0.4530,206,none,-218,-208,1,0.5574,0.5574,False,False,206,-0.0208,True,True,3773,recovered,3772,recovered,3779,recovered,3778,recovered
ramp_20C_per_s,ss/sch,avg32,0.0000,11125,1,-0.4530,-0.4501,0.0030,0.4530,206,none,-218,-216,1,0.6051,0.6029,False,False,202,0.2189,True,True,236,recovered,234,recovered,244,recovered,241,recovered
ramp_20C_per_s,ss/sch,avg32,0.0000,11125,16,-0.4530,-0.4277,0.0253,0.4530,206,none,-218,-206,1,0.6060,0.6029,False,False,202,0.2189,True,True,172,recovered,219,recovered,178,recovered,226,recovered
ramp_20C_per_s,ss/sch,avg32,0.0000,11125,256,-0.4530,-0.0827,0.3703,0.4530,206,none,-218,-39,1,0.6756,0.6029,False,False,202,0.2189,True,True,620,recovered,619,recovered,627,recovered,626,recovered
vdd_step_+27C,ss/sch,avg32,0.0000,7999,1,-0.1183,-1.5068,-1.3885,1.5068,206,none,-57,-723,1,1.5068,1.5068,False,False,208,-0.0994,True,True,34,recovered,64,recovered,46,recovered,76,recovered
vdd_step_+27C,ss/sch,avg32,0.0000,7999,16,-0.1183,-1.5068,-1.3885,1.5068,206,none,-57,-723,1,1.5068,1.5068,False,False,208,-0.0994,True,True,34,recovered,49,recovered,46,recovered,61,recovered
vdd_step_+27C,ss/sch,avg32,0.0000,7999,256,-0.1183,-1.5068,-1.3885,1.5068,206,none,-57,-723,1,1.5068,1.5068,False,False,208,-0.0994,True,True,34,recovered,0,recovered,46,recovered,0,recovered
vdd_step_-40C,ss/sch,avg32,0.0000,7999,1,0.0699,-1.2878,-1.3577,1.2878,213,none,34,-618,1,1.2878,1.2878,False,False,214,-0.5173,False,True,none,plant_unreachable,none,plant_unreachable,none,controller_not_recovered,none,controller_not_recovered
vdd_step_-40C,ss/sch,avg32,0.0000,7999,16,0.0699,-1.2878,-1.3577,1.2878,213,none,34,-618,1,1.2878,1.2878,False,False,214,-0.5173,False,True,none,plant_unreachable,none,plant_unreachable,none,controller_not_recovered,none,controller_not_recovered
vdd_step_-40C,ss/sch,avg32,0.0000,7999,256,0.0699,-1.2878,-1.3577,1.2878,213,none,34,-618,1,1.2878,1.2878,False,False,214,-0.5173,False,True,none,plant_unreachable,none,plant_unreachable,none,controller_not_recovered,none,controller_not_recovered
constant_27C_3p3V,ss/sch,fracdither,0.0000,8000,1,0.5928,0.5928,0.0000,0.5928,207,none,-57,284,1,0.8244,0.8244,False,False,206,-0.1183,True,True,none,controller_not_recovered,none,controller_not_recovered,0,recovered,0,recovered
constant_27C_3p3V,ss/sch,fracdither,0.0000,8000,16,0.5928,0.5928,0.0000,0.5928,207,none,-57,285,1,0.8244,0.8244,False,False,205,-0.8244,True,True,none,controller_not_recovered,none,controller_not_recovered,10,recovered,0,recovered
constant_27C_3p3V,ss/sch,fracdither,0.0000,8000,256,0.5928,0.5928,0.0000,0.5928,207,none,-57,284,1,0.8244,0.8244,False,False,207,0.5928,True,True,none,controller_not_recovered,none,controller_not_recovered,10,recovered,0,recovered
ramp_1C_per_s,ss/sch,fracdither,0.0000,70500,1,0.2557,0.2558,0.0001,0.2558,207,none,123,123,1,0.9146,0.9174,False,False,207,0.6767,True,True,none,controller_not_recovered,none,controller_not_recovered,0,recovered,0,recovered
ramp_1C_per_s,ss/sch,fracdither,0.0000,70500,16,0.2557,0.2569,0.0013,0.2569,207,none,123,123,1,0.9137,0.9174,False,False,205,-0.7408,True,True,none,controller_not_recovered,none,controller_not_recovered,2,recovered,0,recovered
ramp_1C_per_s,ss/sch,fracdither,0.0000,70500,256,0.2557,0.2749,0.0193,0.2749,207,none,123,132,1,0.9192,0.9174,False,False,206,-0.0208,True,True,none,controller_not_recovered,none,controller_not_recovered,2,recovered,0,recovered
ramp_20C_per_s,ss/sch,fracdither,0.0000,11125,1,-0.4530,-0.4501,0.0030,0.4530,206,none,122,-216,1,0.9349,0.9324,False,False,201,-0.4896,True,True,none,controller_not_recovered,none,controller_not_recovered,0,recovered,0,recovered
ramp_20C_per_s,ss/sch,fracdither,0.0000,11125,16,-0.4530,-0.4277,0.0253,0.4530,206,none,122,-205,1,0.9324,0.9324,False,False,202,0.2189,True,True,none,controller_not_recovered,none,controller_not_recovered,8,recovered,0,recovered
ramp_20C_per_s,ss/sch,fracdither,0.0000,11125,256,-0.4530,-0.0827,0.3703,0.4530,206,none,122,-40,1,0.9324,0.9324,False,False,201,-0.4896,True,True,none,controller_not_recovered,none,controller_not_recovered,0,recovered,0,recovered
vdd_step_+27C,ss/sch,fracdither,0.0000,7999,1,-0.1183,-1.5068,-1.3885,1.5068,206,none,-56,-724,1,1.5068,0.8056,False,False,209,0.6804,True,True,none,controller_not_recovered,none,controller_not_recovered,16,recovered,0,recovered
vdd_step_+27C,ss/sch,fracdither,0.0000,7999,16,-0.1183,-1.5068,-1.3885,1.5068,206,none,-56,-723,1,1.5068,0.8056,False,False,208,-0.0994,True,True,none,controller_not_recovered,none,controller_not_recovered,16,recovered,0,recovered
vdd_step_+27C,ss/sch,fracdither,0.0000,7999,256,-0.1183,-1.5068,-1.3885,1.5068,206,none,-56,-723,1,1.5068,0.8056,False,False,209,0.6804,True,True,none,controller_not_recovered,none,controller_not_recovered,16,recovered,0,recovered
vdd_step_-40C,ss/sch,fracdither,0.0000,7999,1,-0.7052,-2.0524,-1.3472,2.0524,212,none,408,-985,1,2.0524,1.2878,False,False,215,0.2593,False,True,none,plant_unreachable,none,plant_unreachable,16,recovered,0,recovered
vdd_step_-40C,ss/sch,fracdither,0.0000,7999,16,-0.7052,-2.0524,-1.3472,2.0524,212,none,408,-985,1,2.0524,1.2878,False,False,215,0.2593,False,True,none,plant_unreachable,none,plant_unreachable,16,recovered,0,recovered
vdd_step_-40C,ss/sch,fracdither,0.0000,7999,256,-0.7052,-2.0524,-1.3472,2.0524,212,none,408,-985,1,2.0524,1.2878,False,False,215,0.2593,False,True,none,plant_unreachable,none,plant_unreachable,16,recovered,0,recovered
constant_27C_3p3V,fs/sch,bangbang,0.0000,8000,1,-0.0771,-0.0771,0.0000,0.0771,160,none,246,-37,1,0.5128,0.5128,False,False,160,-0.0771,True,True,none,controller_not_recovered,none,controller_not_recovered,0,recovered,0,recovered
constant_27C_3p3V,fs/sch,bangbang,0.0000,8000,16,-0.0771,-0.0771,0.0000,0.0771,160,none,246,-37,1,0.5128,0.5128,False,False,160,-0.0771,True,True,none,controller_not_recovered,none,controller_not_recovered,0,recovered,0,recovered
constant_27C_3p3V,fs/sch,bangbang,0.0000,8000,256,-0.0771,-0.0771,0.0000,0.0771,160,none,246,-37,1,0.5128,0.5128,False,False,160,-0.0771,True,True,none,controller_not_recovered,none,controller_not_recovered,0,recovered,0,recovered
ramp_1C_per_s,fs/sch,bangbang,0.0000,70500,1,-0.3555,-0.3554,0.0001,0.3555,160,none,112,-171,1,0.5902,0.5902,False,False,159,-0.5346,True,True,none,controller_not_recovered,none,controller_not_recovered,0,recovered,0,recovered
ramp_1C_per_s,fs/sch,bangbang,0.0000,70500,16,-0.3555,-0.3544,0.0011,0.3555,160,none,112,-170,1,0.5903,0.5902,False,False,159,-0.5337,True,True,none,controller_not_recovered,none,controller_not_recovered,6,recovered,0,recovered
ramp_1C_per_s,fs/sch,bangbang,0.0000,70500,256,-0.3555,-0.3396,0.0159,0.3555,160,none,112,-163,1,0.5901,0.5902,False,False,160,0.0352,True,True,none,controller_not_recovered,none,controller_not_recovered,6,recovered,0,recovered
ramp_20C_per_s,fs/sch,bangbang,0.0000,11125,1,0.2327,0.2352,0.0025,0.2352,161,none,-171,113,1,0.5887,0.5887,False,False,153,-0.3152,True,True,none,controller_not_recovered,none,controller_not_recovered,0,recovered,0,recovered
ramp_20C_per_s,fs/sch,bangbang,0.0000,11125,16,0.2327,0.2539,0.0212,0.2539,161,none,-171,122,1,0.5900,0.5887,False,False,154,0.2396,True,True,none,controller_not_recovered,none,controller_not_recovered,298,recovered,298,recovered
ramp_20C_per_s,fs/sch,bangbang,0.0000,11125,256,0.2327,0.5539,0.3212,0.5539,161,none,-171,266,1,0.5900,0.5887,False,False,154,0.2396,True,True,none,controller_not_recovered,none,controller_not_recovered,58,recovered,58,recovered
vdd_step_+27C,fs/sch,bangbang,0.0000,7999,1,0.5128,-0.4990,-1.0118,0.5128,161,none,-37,-239,1,0.5128,1.0829,False,False,161,-0.4990,True,True,none,controller_not_recovered,none,controller_not_recovered,0,recovered,16,recovered
vdd_step_+27C,fs/sch,bangbang,0.0000,7999,16,0.5128,-0.4990,-1.0118,0.5128,161,none,-37,-239,1,0.5128,1.0829,False,False,161,-0.4990,True,True,none,controller_not_recovered,none,controller_not_recovered,14,recovered,1,recovered
vdd_step_+27C,fs/sch,bangbang,0.0000,7999,256,0.5128,-0.4990,-1.0118,0.5128,161,none,-37,-240,1,0.5128,1.0829,False,False,161,-0.4990,True,True,none,controller_not_recovered,none,controller_not_recovered,14,recovered,0,recovered
vdd_step_-40C,fs/sch,bangbang,0.0000,7999,1,-0.1940,-1.5284,-1.3344,1.5284,167,none,189,-733,1,1.5284,0.9471,False,False,169,-0.3624,True,True,none,controller_not_recovered,none,controller_not_recovered,16,recovered,0,recovered
vdd_step_-40C,fs/sch,bangbang,0.0000,7999,16,-0.1940,-1.5284,-1.3344,1.5284,167,none,189,-734,1,1.5284,0.9471,False,False,169,-0.3624,True,True,none,controller_not_recovered,none,controller_not_recovered,16,recovered,0,recovered
vdd_step_-40C,fs/sch,bangbang,0.0000,7999,256,-0.1940,-1.5284,-1.3344,1.5284,167,none,189,-734,1,1.5284,0.9471,False,False,169,-0.3624,True,True,none,controller_not_recovered,none,controller_not_recovered,16,recovered,0,recovered
constant_27C_3p3V,fs/sch,deadband,0.0000,8000,1,-0.0771,-0.0771,0.0000,0.0771,160,none,-37,-37,1,0.0771,0.0771,False,False,160,-0.0771,True,True,0,recovered,0,recovered,0,recovered,0,recovered
constant_27C_3p3V,fs/sch,deadband,0.0000,8000,16,-0.0771,-0.0771,0.0000,0.0771,160,none,-37,-37,1,0.0771,0.0771,False,False,160,-0.0771,True,True,0,recovered,0,recovered,0,recovered,0,recovered
constant_27C_3p3V,fs/sch,deadband,0.0000,8000,256,-0.0771,-0.0771,0.0000,0.0771,160,none,-37,-37,1,0.0771,0.0771,False,False,160,-0.0771,True,True,0,recovered,0,recovered,0,recovered,0,recovered
ramp_1C_per_s,fs/sch,deadband,0.0000,70500,1,-0.3555,-0.3554,0.0001,0.3555,160,none,112,-171,1,0.4330,0.4327,False,False,160,0.0189,True,True,3218,recovered,3214,recovered,0,recovered,0,recovered
ramp_1C_per_s,fs/sch,deadband,0.0000,70500,16,-0.3555,-0.3544,0.0011,0.3555,160,none,112,-170,1,0.4330,0.4327,False,False,160,0.0198,True,True,3203,recovered,3199,recovered,6,recovered,0,recovered
ramp_1C_per_s,fs/sch,deadband,0.0000,70500,256,-0.3555,-0.3396,0.0159,0.3555,160,none,112,-163,1,0.4330,0.4327,False,False,160,0.0352,True,True,2964,recovered,2959,recovered,6,recovered,0,recovered
ramp_20C_per_s,fs/sch,deadband,0.0000,11125,1,-0.3555,-0.3530,0.0025,0.3555,160,none,111,-170,1,0.4343,0.4306,False,False,153,-0.3152,True,True,2803,recovered,none,controller_not_recovered,0,recovered,0,recovered
ramp_20C_per_s,fs/sch,deadband,0.0000,11125,16,-0.3555,-0.3345,0.0210,0.3555,160,none,111,-160,1,0.4319,0.4306,False,False,154,0.2396,True,True,none,controller_not_recovered,none,controller_not_recovered,6,recovered,0,recovered
ramp_20C_per_s,fs/sch,deadband,0.0000,11125,256,-0.3555,-0.0361,0.3194,0.3555,160,none,111,-17,1,0.3998,0.4306,False,False,154,0.2396,True,True,2548,recovered,none,controller_not_recovered,0,recovered,0,recovered
vdd_step_+27C,fs/sch,deadband,0.0000,7999,1,-0.0771,-1.0829,-1.0058,1.0829,160,none,-37,-519,1,1.0829,1.0829,False,False,162,0.0883,True,True,3,recovered,2,recovered,0,recovered,0,recovered
vdd_step_+27C,fs/sch,deadband,0.0000,7999,16,-0.0771,-1.0829,-1.0058,1.0829,160,none,-37,-519,1,1.0829,1.0829,False,False,162,0.0883,True,True,3,recovered,0,recovered,13,recovered,0,recovered
vdd_step_+27C,fs/sch,deadband,0.0000,7999,256,-0.0771,-1.0829,-1.0058,1.0829,160,none,-37,-520,1,1.0829,1.0829,False,False,162,0.0883,True,True,3,recovered,0,recovered,13,recovered,0,recovered
vdd_step_-40C,fs/sch,deadband,0.0000,7999,1,-0.1940,-1.5284,-1.3344,1.5284,167,none,189,-733,1,1.5284,0.9471,False,False,169,-0.3624,True,True,none,controller_not_recovered,none,controller_not_recovered,16,recovered,0,recovered
vdd_step_-40C,fs/sch,deadband,0.0000,7999,16,-0.1940,-1.5284,-1.3344,1.5284,167,none,189,-734,1,1.5284,0.9471,False,False,169,-0.3624,True,True,none,controller_not_recovered,none,controller_not_recovered,16,recovered,0,recovered
vdd_step_-40C,fs/sch,deadband,0.0000,7999,256,-0.1940,-1.5284,-1.3344,1.5284,167,none,189,-734,1,1.5284,0.9471,False,False,169,-0.3624,True,True,none,controller_not_recovered,none,controller_not_recovered,16,recovered,0,recovered
constant_27C_3p3V,fs/sch,avg32,0.0000,8000,1,-0.0771,-0.0771,0.0000,0.0771,160,none,-37,-37,1,0.0771,0.0771,False,False,160,-0.0771,True,True,0,recovered,0,recovered,0,recovered,0,recovered
constant_27C_3p3V,fs/sch,avg32,0.0000,8000,16,-0.0771,-0.0771,0.0000,0.0771,160,none,-37,-37,1,0.0771,0.0771,False,False,160,-0.0771,True,True,0,recovered,0,recovered,0,recovered,0,recovered
constant_27C_3p3V,fs/sch,avg32,0.0000,8000,256,-0.0771,-0.0771,0.0000,0.0771,160,none,-37,-37,1,0.0771,0.0771,False,False,160,-0.0771,True,True,0,recovered,0,recovered,0,recovered,0,recovered
ramp_1C_per_s,fs/sch,avg32,0.0000,70500,1,0.2327,0.2328,0.0001,0.2328,161,none,111,112,1,0.4337,0.4335,False,False,160,0.0189,True,True,3229,recovered,3227,recovered,3233,recovered,3231,recovered
ramp_1C_per_s,fs/sch,avg32,0.0000,70500,16,0.2327,0.2338,0.0011,0.2338,161,none,111,112,1,0.4346,0.4335,False,False,160,0.0198,True,True,3229,recovered,3212,recovered,3234,recovered,3216,recovered
ramp_1C_per_s,fs/sch,avg32,0.0000,70500,256,0.2327,0.2487,0.0160,0.2487,161,none,111,119,1,0.4336,0.4335,False,False,160,0.0352,True,True,2973,recovered,2972,recovered,2977,recovered,2976,recovered
ramp_20C_per_s,fs/sch,avg32,0.0000,11125,1,-0.3555,-0.3530,0.0025,0.3555,160,none,-172,-170,1,0.4536,0.4511,False,False,154,0.2396,True,True,172,recovered,170,recovered,177,recovered,175,recovered
ramp_20C_per_s,fs/sch,avg32,0.0000,11125,16,-0.3555,-0.3345,0.0210,0.3555,160,none,-172,-160,1,0.4655,0.4511,False,False,154,0.2396,True,True,172,recovered,155,recovered,177,recovered,160,recovered
ramp_20C_per_s,fs/sch,avg32,0.0000,11125,256,-0.3555,-0.0361,0.3194,0.3555,160,none,-172,-17,1,0.6080,0.4511,False,False,154,0.2396,True,True,364,recovered,363,recovered,369,recovered,367,recovered
vdd_step_+27C,fs/sch,avg32,0.0000,7999,1,-0.0771,-1.0829,-1.0058,1.0829,160,none,-37,-520,1,1.0829,1.0829,False,False,162,0.0883,True,True,66,recovered,64,recovered,72,recovered,70,recovered
vdd_step_+27C,fs/sch,avg32,0.0000,7999,16,-0.0771,-1.0829,-1.0058,1.0829,160,none,-37,-520,1,1.0829,1.0829,False,False,162,0.0883,True,True,66,recovered,49,recovered,72,recovered,55,recovered
vdd_step_+27C,fs/sch,avg32,0.0000,7999,256,-0.0771,-1.0829,-1.0058,1.0829,160,none,-37,-520,1,1.0829,1.0829,False,False,162,0.0883,True,True,66,recovered,0,recovered,72,recovered,0,recovered
vdd_step_-40C,fs/sch,avg32,0.0000,7999,1,-0.1940,-1.5284,-1.3344,1.5284,167,none,-93,-734,1,1.5284,0.9471,False,False,169,-0.3624,True,True,none,controller_not_recovered,none,controller_not_recovered,none,controller_not_recovered,none,controller_not_recovered
vdd_step_-40C,fs/sch,avg32,0.0000,7999,16,-0.1940,-1.5284,-1.3344,1.5284,167,none,-93,-734,1,1.5284,0.9471,False,False,169,-0.3624,True,True,none,controller_not_recovered,none,controller_not_recovered,none,controller_not_recovered,none,controller_not_recovered
vdd_step_-40C,fs/sch,avg32,0.0000,7999,256,-0.1940,-1.5284,-1.3344,1.5284,167,none,-93,-734,1,1.5284,0.9471,False,False,169,-0.3624,True,True,none,controller_not_recovered,none,controller_not_recovered,none,controller_not_recovered,none,controller_not_recovered
constant_27C_3p3V,fs/sch,fracdither,0.0000,8000,1,-0.6301,-0.6301,0.0000,0.6301,159,none,246,-302,1,0.6301,0.6301,False,False,160,-0.0771,True,True,none,controller_not_recovered,none,controller_not_recovered,0,recovered,0,recovered
constant_27C_3p3V,fs/sch,fracdither,0.0000,8000,16,-0.6301,-0.6301,0.0000,0.6301,159,none,246,-303,1,0.6301,0.6301,False,False,160,-0.0771,True,True,none,controller_not_recovered,none,controller_not_recovered,10,recovered,0,recovered
constant_27C_3p3V,fs/sch,fracdither,0.0000,8000,256,-0.6301,-0.6301,0.0000,0.6301,159,none,246,-302,1,0.6301,0.6301,False,False,160,-0.0771,True,True,none,controller_not_recovered,none,controller_not_recovered,10,recovered,0,recovered
ramp_1C_per_s,fs/sch,fracdither,0.0000,70500,1,0.2327,0.2328,0.0001,0.2328,161,none,-170,112,1,0.6901,0.6850,False,False,160,0.0189,True,True,none,controller_not_recovered,none,controller_not_recovered,0,recovered,0,recovered
ramp_1C_per_s,fs/sch,fracdither,0.0000,70500,16,0.2327,0.2338,0.0011,0.2338,161,none,-170,112,1,0.6885,0.6850,False,False,160,0.0198,True,True,none,controller_not_recovered,none,controller_not_recovered,0,recovered,0,recovered
ramp_1C_per_s,fs/sch,fracdither,0.0000,70500,256,0.2327,0.2487,0.0160,0.2487,161,none,-170,120,1,0.6928,0.6850,False,False,159,-0.5184,True,True,none,controller_not_recovered,none,controller_not_recovered,0,recovered,0,recovered
ramp_20C_per_s,fs/sch,fracdither,0.0000,11125,1,0.2327,0.2352,0.0025,0.2352,161,none,-171,112,1,0.6831,0.6736,False,False,153,-0.3152,True,True,none,controller_not_recovered,none,controller_not_recovered,0,recovered,0,recovered
ramp_20C_per_s,fs/sch,fracdither,0.0000,11125,16,0.2327,0.2539,0.0212,0.2539,161,none,-171,121,1,0.7032,0.6736,False,False,153,-0.3152,True,True,none,controller_not_recovered,none,controller_not_recovered,0,recovered,0,recovered
ramp_20C_per_s,fs/sch,fracdither,0.0000,11125,256,0.2327,0.5539,0.3212,0.5539,161,none,-171,266,1,0.6672,0.6736,False,False,153,-0.3152,True,True,none,controller_not_recovered,none,controller_not_recovered,11,recovered,0,recovered
vdd_step_+27C,fs/sch,fracdither,0.0000,7999,1,0.5128,-0.4990,-1.0118,0.5128,161,none,-37,-240,1,1.0829,1.6303,False,False,162,0.0883,True,True,none,controller_not_recovered,none,controller_not_recovered,0,recovered,0,recovered
vdd_step_+27C,fs/sch,fracdither,0.0000,7999,16,0.5128,-0.4990,-1.0118,0.5128,161,none,-37,-240,1,1.0829,1.6303,False,False,162,0.0883,True,True,none,controller_not_recovered,none,controller_not_recovered,12,recovered,0,recovered
vdd_step_+27C,fs/sch,fracdither,0.0000,7999,256,0.5128,-0.4990,-1.0118,0.5128,161,none,-37,-239,1,1.0829,1.6303,False,False,162,0.0883,True,True,none,controller_not_recovered,none,controller_not_recovered,12,recovered,0,recovered
vdd_step_-40C,fs/sch,fracdither,0.0000,7999,1,-0.1940,-1.5284,-1.3344,1.5284,167,none,190,-734,1,1.5284,1.5284,False,False,169,-0.3624,True,True,none,controller_not_recovered,none,controller_not_recovered,16,recovered,0,recovered
vdd_step_-40C,fs/sch,fracdither,0.0000,7999,16,-0.1940,-1.5284,-1.3344,1.5284,167,none,190,-733,1,1.5284,1.5284,False,False,169,-0.3624,True,True,none,controller_not_recovered,none,controller_not_recovered,16,recovered,0,recovered
vdd_step_-40C,fs/sch,fracdither,0.0000,7999,256,-0.1940,-1.5284,-1.3344,1.5284,167,none,190,-734,1,1.5284,1.5284,False,False,169,-0.3624,True,True,none,controller_not_recovered,none,controller_not_recovered,16,recovered,0,recovered
constant_27C_3p3V,sf/sch,bangbang,0.0000,8000,1,-0.3625,-0.3625,0.0000,0.3625,166,none,101,-174,1,0.3625,0.3625,False,False,166,-0.3625,True,True,none,controller_not_recovered,none,controller_not_recovered,0,recovered,0,recovered
constant_27C_3p3V,sf/sch,bangbang,0.0000,8000,16,-0.3625,-0.3625,0.0000,0.3625,166,none,101,-174,1,0.3625,0.3625,False,False,166,-0.3625,True,True,none,controller_not_recovered,none,controller_not_recovered,8,recovered,0,recovered
constant_27C_3p3V,sf/sch,bangbang,0.0000,8000,256,-0.3625,-0.3625,0.0000,0.3625,166,none,101,-174,1,0.3625,0.3625,False,False,166,-0.3625,True,True,none,controller_not_recovered,none,controller_not_recovered,8,recovered,0,recovered
ramp_1C_per_s,sf/sch,bangbang,0.0000,70500,1,-0.1669,-0.1667,0.0002,0.1669,167,none,195,-80,1,0.5747,0.5752,False,False,167,0.3069,False,True,none,plant_unreachable,none,plant_unreachable,0,recovered,0,recovered
ramp_1C_per_s,sf/sch,bangbang,0.0000,70500,16,-0.1669,-0.1654,0.0014,0.1669,167,none,195,-79,1,0.5747,0.5752,False,False,166,-0.2657,False,True,none,plant_unreachable,none,plant_unreachable,0,recovered,0,recovered
ramp_1C_per_s,sf/sch,bangbang,0.0000,70500,256,-0.1669,-0.1453,0.0216,0.1669,167,none,195,-70,1,0.5747,0.5752,False,False,167,0.3233,False,True,none,plant_unreachable,none,plant_unreachable,0,recovered,0,recovered
ramp_20C_per_s,sf/sch,bangbang,0.0000,11125,1,0.4073,0.4107,0.0034,0.4107,168,none,-81,198,1,0.5759,0.5754,False,False,160,-0.1537,True,True,none,controller_not_recovered,none,controller_not_recovered,128,recovered,128,recovered
ramp_20C_per_s,sf/sch,bangbang,0.0000,11125,16,0.4073,0.4360,0.0287,0.4360,168,none,-81,210,1,0.5754,0.5754,False,False,161,0.4205,True,True,none,controller_not_recovered,none,controller_not_recovered,113,recovered,113,recovered
ramp_20C_per_s,sf/sch,bangbang,0.0000,11125,256,0.4073,0.8282,0.4209,0.8282,168,none,-81,398,1,0.8282,0.5754,False,False,161,0.4205,True,True,none,controller_not_recovered,none,controller_not_recovered,289,recovered,289,recovered
vdd_step_+27C,sf/sch,bangbang,0.0000,7999,1,0.2105,-0.5672,-0.7777,0.5672,167,none,-174,-272,1,0.5672,1.1358,False,False,167,-0.5672,True,True,none,controller_not_recovered,none,controller_not_recovered,none,controller_not_recovered,none,controller_not_recovered
vdd_step_+27C,sf/sch,bangbang,0.0000,7999,16,0.2105,-0.5672,-0.7777,0.5672,167,none,-174,-272,1,0.5672,1.1358,False,False,167,-0.5672,True,True,none,controller_not_recovered,none,controller_not_recovered,none,controller_not_recovered,none,controller_not_recovered
vdd_step_+27C,sf/sch,bangbang,0.0000,7999,256,0.2105,-0.5672,-0.7777,0.5672,167,none,-174,-272,1,0.5672,1.1358,False,False,167,-0.5672,True,True,none,controller_not_recovered,none,controller_not_recovered,none,controller_not_recovered,none,controller_not_recovered
vdd_step_-40C,sf/sch,bangbang,0.0000,7999,1,0.2257,-0.6072,-0.8330,0.6072,177,none,-191,-291,1,0.6072,1.2260,False,False,177,-0.6072,True,True,none,controller_not_recovered,none,controller_not_recovered,none,controller_not_recovered,none,controller_not_recovered
vdd_step_-40C,sf/sch,bangbang,0.0000,7999,16,0.2257,-0.6072,-0.8330,0.6072,177,none,-191,-291,1,0.6072,1.2260,False,False,177,-0.6072,True,True,none,controller_not_recovered,none,controller_not_recovered,none,controller_not_recovered,none,controller_not_recovered
vdd_step_-40C,sf/sch,bangbang,0.0000,7999,256,0.2257,-0.6072,-0.8330,0.6072,177,none,-191,-291,1,0.6072,1.2260,False,False,177,-0.6072,True,True,none,controller_not_recovered,none,controller_not_recovered,none,controller_not_recovered,none,controller_not_recovered
constant_27C_3p3V,sf/sch,deadband,0.0000,8000,1,-0.3625,-0.3625,0.0000,0.3625,166,none,101,-174,1,0.3625,0.3625,False,False,166,-0.3625,True,True,none,controller_not_recovered,none,controller_not_recovered,0,recovered,0,recovered
constant_27C_3p3V,sf/sch,deadband,0.0000,8000,16,-0.3625,-0.3625,0.0000,0.3625,166,none,101,-174,1,0.3625,0.3625,False,False,166,-0.3625,True,True,none,controller_not_recovered,none,controller_not_recovered,8,recovered,0,recovered
constant_27C_3p3V,sf/sch,deadband,0.0000,8000,256,-0.3625,-0.3625,0.0000,0.3625,166,none,101,-174,1,0.3625,0.3625,False,False,166,-0.3625,True,True,none,controller_not_recovered,none,controller_not_recovered,8,recovered,0,recovered
ramp_1C_per_s,sf/sch,deadband,0.0000,70500,1,-0.1669,-0.1667,0.0002,0.1669,167,none,196,-80,1,0.4179,0.4179,False,False,167,0.3069,False,True,125,recovered,125,recovered,0,recovered,0,recovered
ramp_1C_per_s,sf/sch,deadband,0.0000,70500,16,-0.1669,-0.1654,0.0014,0.1669,167,none,196,-80,1,0.4180,0.4179,False,False,166,-0.2657,False,True,112,recovered,110,recovered,0,recovered,0,recovered
ramp_1C_per_s,sf/sch,deadband,0.0000,70500,256,-0.1669,-0.1453,0.0216,0.1669,167,none,196,-70,1,0.4159,0.4179,False,False,167,0.3233,False,True,0,recovered,0,recovered,0,recovered,0,recovered
ramp_20C_per_s,sf/sch,deadband,0.0000,11125,1,-0.1669,-0.1635,0.0034,0.1669,167,none,194,-79,1,0.4188,0.4191,False,False,160,-0.1537,True,True,3123,recovered,3123,recovered,0,recovered,0,recovered
ramp_20C_per_s,sf/sch,deadband,0.0000,11125,16,-0.1669,-0.1383,0.0285,0.1669,167,none,194,-66,1,0.4180,0.4191,False,False,160,-0.1537,True,True,3108,recovered,3108,recovered,0,recovered,0,recovered
ramp_20C_per_s,sf/sch,deadband,0.0000,11125,256,-0.1669,0.2517,0.4185,0.2517,167,none,194,121,1,0.4180,0.4191,False,False,160,-0.1537,True,True,2868,recovered,2868,recovered,0,recovered,0,recovered
vdd_step_+27C,sf/sch,deadband,0.0000,7999,1,0.2105,-0.5672,-0.7777,0.5672,167,none,-174,-272,1,0.5672,1.1358,False,False,168,0.0047,True,True,2,recovered,2,recovered,0,recovered,0,recovered
vdd_step_+27C,sf/sch,deadband,0.0000,7999,16,0.2105,-0.5672,-0.7777,0.5672,167,none,-174,-272,1,0.5672,1.1358,False,False,168,0.0047,True,True,2,recovered,0,recovered,10,recovered,0,recovered
vdd_step_+27C,sf/sch,deadband,0.0000,7999,256,0.2105,-0.5672,-0.7777,0.5672,167,none,-174,-272,1,0.5672,1.1358,False,False,168,0.0047,True,True,2,recovered,0,recovered,10,recovered,0,recovered
vdd_step_-40C,sf/sch,deadband,0.0000,7999,1,0.2257,-0.6072,-0.8330,0.6072,177,none,-191,-291,1,0.6072,1.2260,False,False,178,0.0155,True,True,2,recovered,2,recovered,0,recovered,0,recovered
vdd_step_-40C,sf/sch,deadband,0.0000,7999,16,0.2257,-0.6072,-0.8330,0.6072,177,none,-191,-291,1,0.6072,1.2260,False,False,178,0.0155,True,True,2,recovered,0,recovered,11,recovered,0,recovered
vdd_step_-40C,sf/sch,deadband,0.0000,7999,256,0.2257,-0.6072,-0.8330,0.6072,177,none,-191,-291,1,0.6072,1.2260,False,False,178,0.0155,True,True,2,recovered,0,recovered,11,recovered,0,recovered
constant_27C_3p3V,sf/sch,avg32,0.0000,8000,1,-0.3625,-0.3625,0.0000,0.3625,166,none,101,-174,1,0.3625,0.3625,False,False,167,0.2105,True,True,none,controller_not_recovered,none,controller_not_recovered,none,controller_not_recovered,none,controller_not_recovered
constant_27C_3p3V,sf/sch,avg32,0.0000,8000,16,-0.3625,-0.3625,0.0000,0.3625,166,none,101,-174,1,0.3625,0.3625,False,False,167,0.2105,True,True,none,controller_not_recovered,none,controller_not_recovered,none,controller_not_recovered,none,controller_not_recovered
constant_27C_3p3V,sf/sch,avg32,0.0000,8000,256,-0.3625,-0.3625,0.0000,0.3625,166,none,101,-174,1,0.3625,0.3625,False,False,167,0.2105,True,True,none,controller_not_recovered,none,controller_not_recovered,none,controller_not_recovered,none,controller_not_recovered
ramp_1C_per_s,sf/sch,avg32,0.0000,70500,1,-0.1669,-0.1667,0.0002,0.1669,167,none,-80,-80,1,0.4179,0.4177,False,False,166,-0.2667,False,True,125,recovered,123,recovered,129,recovered,127,recovered
ramp_1C_per_s,sf/sch,avg32,0.0000,70500,16,-0.1669,-0.1654,0.0014,0.1669,167,none,-80,-79,1,0.4191,0.4177,False,False,166,-0.2657,False,True,125,recovered,108,recovered,129,recovered,112,recovered
ramp_1C_per_s,sf/sch,avg32,0.0000,70500,256,-0.1669,-0.1453,0.0216,0.1669,167,none,-80,-70,1,0.4125,0.4177,False,False,167,0.3233,False,True,0,recovered,0,recovered,0,recovered,0,recovered
ramp_20C_per_s,sf/sch,avg32,0.0000,11125,1,0.4073,0.4107,0.0034,0.4107,168,none,195,197,1,0.4713,0.4688,False,False,160,-0.1537,True,True,844,recovered,842,recovered,848,recovered,846,recovered
ramp_20C_per_s,sf/sch,avg32,0.0000,11125,16,0.4073,0.4360,0.0287,0.4360,168,none,195,210,1,0.4529,0.4688,False,False,160,-0.1537,True,True,396,recovered,827,recovered,401,recovered,831,recovered
ramp_20C_per_s,sf/sch,avg32,0.0000,11125,256,0.4073,0.8282,0.4209,0.8282,168,none,195,398,1,0.8412,0.4688,False,False,160,-0.1537,True,True,588,recovered,587,recovered,592,recovered,591,recovered
vdd_step_+27C,sf/sch,avg32,0.0000,7999,1,0.2105,-0.5672,-0.7777,0.5672,167,none,101,-272,1,1.1358,1.1358,False,False,168,0.0047,True,True,66,recovered,64,recovered,74,recovered,72,recovered
vdd_step_+27C,sf/sch,avg32,0.0000,7999,16,0.2105,-0.5672,-0.7777,0.5672,167,none,101,-272,1,1.1358,1.1358,False,False,168,0.0047,True,True,66,recovered,49,recovered,74,recovered,57,recovered
vdd_step_+27C,sf/sch,avg32,0.0000,7999,256,0.2105,-0.5672,-0.7777,0.5672,167,none,101,-272,1,1.1358,1.1358,False,False,168,0.0047,True,True,66,recovered,0,recovered,74,recovered,0,recovered
vdd_step_-40C,sf/sch,avg32,0.0000,7999,1,0.2257,-0.6072,-0.8330,0.6072,177,none,108,-291,1,1.2260,1.2260,False,False,178,0.0155,True,True,66,recovered,64,recovered,75,recovered,73,recovered
vdd_step_-40C,sf/sch,avg32,0.0000,7999,16,0.2257,-0.6072,-0.8330,0.6072,177,none,108,-291,1,1.2260,1.2260,False,False,178,0.0155,True,True,66,recovered,49,recovered,75,recovered,58,recovered
vdd_step_-40C,sf/sch,avg32,0.0000,7999,256,0.2257,-0.6072,-0.8330,0.6072,177,none,108,-292,1,1.2260,1.2260,False,False,178,0.0155,True,True,66,recovered,0,recovered,75,recovered,0,recovered
constant_27C_3p3V,sf/sch,fracdither,0.0000,8000,1,-0.3625,-0.3625,0.0000,0.3625,166,none,101,-174,1,0.3625,0.3625,False,False,167,0.2105,True,True,none,controller_not_recovered,none,controller_not_recovered,0,recovered,0,recovered
constant_27C_3p3V,sf/sch,fracdither,0.0000,8000,16,-0.3625,-0.3625,0.0000,0.3625,166,none,101,-174,1,0.3625,0.3625,False,False,167,0.2105,True,True,none,controller_not_recovered,none,controller_not_recovered,7,recovered,0,recovered
constant_27C_3p3V,sf/sch,fracdither,0.0000,8000,256,-0.3625,-0.3625,0.0000,0.3625,166,none,101,-174,1,0.3625,0.3625,False,False,167,0.2105,True,True,none,controller_not_recovered,none,controller_not_recovered,7,recovered,0,recovered
ramp_1C_per_s,sf/sch,fracdither,0.0000,70500,1,0.4073,0.4075,0.0002,0.4075,168,none,-80,196,1,0.7037,0.6960,False,False,166,-0.2667,False,True,none,plant_unreachable,none,plant_unreachable,0,recovered,0,recovered
ramp_1C_per_s,sf/sch,fracdither,0.0000,70500,16,0.4073,0.4087,0.0014,0.4087,168,none,-80,197,1,0.7011,0.6960,False,False,167,0.3079,False,True,none,plant_unreachable,none,plant_unreachable,7,recovered,0,recovered
ramp_1C_per_s,sf/sch,fracdither,0.0000,70500,256,0.4073,0.4290,0.0217,0.4290,168,none,-80,206,1,0.6985,0.6960,False,False,166,-0.2504,False,True,none,plant_unreachable,none,plant_unreachable,7,recovered,0,recovered
ramp_20C_per_s,sf/sch,fracdither,0.0000,11125,1,0.4073,0.4107,0.0034,0.4107,168,none,-81,198,1,0.7026,0.6847,False,False,160,-0.1537,True,True,none,controller_not_recovered,none,controller_not_recovered,0,recovered,0,recovered
ramp_20C_per_s,sf/sch,fracdither,0.0000,11125,16,0.4073,0.4360,0.0287,0.4360,168,none,-81,210,1,0.7097,0.6847,False,False,160,-0.1537,True,True,none,controller_not_recovered,none,controller_not_recovered,8,recovered,0,recovered
ramp_20C_per_s,sf/sch,fracdither,0.0000,11125,256,0.4073,0.8282,0.4209,0.8282,168,none,-81,397,1,0.8282,0.6847,False,False,161,0.4205,True,True,none,controller_not_recovered,none,controller_not_recovered,13,recovered,0,recovered
vdd_step_+27C,sf/sch,fracdither,0.0000,7999,1,0.2105,-0.5672,-0.7777,0.5672,167,none,-174,-273,1,0.5798,1.1358,False,False,167,-0.5672,True,True,none,controller_not_recovered,none,controller_not_recovered,0,recovered,0,recovered
vdd_step_+27C,sf/sch,fracdither,0.0000,7999,16,0.2105,-0.5672,-0.7777,0.5672,167,none,-174,-273,1,0.5798,1.1358,False,False,167,-0.5672,True,True,none,controller_not_recovered,none,controller_not_recovered,12,recovered,0,recovered
vdd_step_+27C,sf/sch,fracdither,0.0000,7999,256,0.2105,-0.5672,-0.7777,0.5672,167,none,-174,-273,1,0.5798,1.1358,False,False,167,-0.5672,True,True,none,controller_not_recovered,none,controller_not_recovered,12,recovered,0,recovered
vdd_step_-40C,sf/sch,fracdither,0.0000,7999,1,0.2257,-0.6072,-0.8330,0.6072,177,none,-191,-291,1,0.6421,0.6421,False,False,178,0.0155,True,True,none,controller_not_recovered,none,controller_not_recovered,0,recovered,0,recovered
vdd_step_-40C,sf/sch,fracdither,0.0000,7999,16,0.2257,-0.6072,-0.8330,0.6072,177,none,-191,-291,1,0.6421,0.6421,False,False,178,0.0155,True,True,none,controller_not_recovered,none,controller_not_recovered,13,recovered,0,recovered
vdd_step_-40C,sf/sch,fracdither,0.0000,7999,256,0.2257,-0.6072,-0.8330,0.6072,177,none,-191,-291,1,0.6421,0.6421,False,False,178,0.0155,True,True,none,controller_not_recovered,none,controller_not_recovered,13,recovered,0,recovered
constant_27C_3p3V,rc_f/sch,bangbang,0.0000,8000,1,0.0882,0.0882,0.0000,0.0882,94,none,-145,42,1,0.3019,0.3019,False,False,94,0.0882,True,True,none,controller_not_recovered,none,controller_not_recovered,0,recovered,0,recovered
constant_27C_3p3V,rc_f/sch,bangbang,0.0000,8000,16,0.0882,0.0882,0.0000,0.0882,94,none,-145,42,1,0.3019,0.3019,False,False,94,0.0882,True,True,none,controller_not_recovered,none,controller_not_recovered,0,recovered,0,recovered
constant_27C_3p3V,rc_f/sch,bangbang,0.0000,8000,256,0.0882,0.0882,0.0000,0.0882,94,none,-145,43,1,0.3019,0.3019,False,False,94,0.0882,True,True,none,controller_not_recovered,none,controller_not_recovered,0,recovered,0,recovered
ramp_1C_per_s,rc_f/sch,bangbang,0.0000,70500,1,-0.2541,-0.2540,0.0002,0.2541,94,none,66,-122,1,0.3910,0.3912,False,False,93,-0.1757,True,True,52,recovered,52,recovered,0,recovered,0,recovered
ramp_1C_per_s,rc_f/sch,bangbang,0.0000,70500,16,-0.2541,-0.2528,0.0013,0.2541,94,none,66,-121,1,0.3909,0.3912,False,False,93,-0.1744,True,True,38,recovered,37,recovered,2,recovered,0,recovered
ramp_1C_per_s,rc_f/sch,bangbang,0.0000,70500,256,-0.2541,-0.2346,0.0196,0.2541,94,none,66,-112,1,0.3909,0.3912,False,False,93,-0.1542,True,True,0,recovered,0,recovered,0,recovered,0,recovered
ramp_20C_per_s,rc_f/sch,bangbang,0.0000,11125,1,0.1362,0.1393,0.0031,0.1393,95,none,-123,67,1,0.3920,0.3917,False,False,81,-0.2092,True,True,3098,recovered,3098,recovered,0,recovered,0,recovered
ramp_20C_per_s,rc_f/sch,bangbang,0.0000,11125,16,0.1362,0.1622,0.0260,0.1622,95,none,-123,77,1,0.3917,0.3917,False,False,82,0.1813,True,True,3083,recovered,3083,recovered,0,recovered,0,recovered
ramp_20C_per_s,rc_f/sch,bangbang,0.0000,11125,256,0.1362,0.5342,0.3980,0.5342,95,none,-123,257,1,0.5342,0.3917,False,False,81,-0.2092,True,True,2844,recovered,2843,recovered,9,recovered,0,recovered
vdd_step_+27C,rc_f/sch,bangbang,0.0000,7999,1,-0.3019,-1.3199,-1.0180,1.3199,93,none,42,-634,1,1.3199,0.9337,False,False,97,0.2580,True,True,none,controller_not_recovered,none,controller_not_recovered,15,recovered,0,recovered
vdd_step_+27C,rc_f/sch,bangbang,0.0000,7999,16,-0.3019,-1.3199,-1.0180,1.3199,93,none,42,-633,1,1.3199,0.9337,False,False,97,0.2580,True,True,none,controller_not_recovered,none,controller_not_recovered,15,recovered,0,recovered
vdd_step_+27C,rc_f/sch,bangbang,0.0000,7999,256,-0.3019,-1.3199,-1.0180,1.3199,93,none,42,-633,1,1.3199,0.9337,False,False,97,0.2580,True,True,none,controller_not_recovered,none,controller_not_recovered,15,recovered,0,recovered
vdd_step_-40C,rc_f/sch,bangbang,0.0000,7999,1,0.2036,-0.9296,-1.1332,0.9296,107,none,-101,-446,1,0.9296,1.3395,False,False,109,-0.1047,True,True,none,controller_not_recovered,none,controller_not_recovered,0,recovered,0,recovered
vdd_step_-40C,rc_f/sch,bangbang,0.0000,7999,16,0.2036,-0.9296,-1.1332,0.9296,107,none,-101,-446,1,0.9296,1.3395,False,False,109,-0.1047,True,True,none,controller_not_recovered,none,controller_not_recovered,13,recovered,0,recovered
vdd_step_-40C,rc_f/sch,bangbang,0.0000,7999,256,0.2036,-0.9296,-1.1332,0.9296,107,none,-101,-446,1,0.9296,1.3395,False,False,109,-0.1047,True,True,none,controller_not_recovered,none,controller_not_recovered,13,recovered,0,recovered
constant_27C_3p3V,rc_f/sch,deadband,0.0000,8000,1,0.0882,0.0882,0.0000,0.0882,94,none,42,42,1,0.0882,0.0882,False,False,94,0.0882,True,True,0,recovered,0,recovered,0,recovered,0,recovered
constant_27C_3p3V,rc_f/sch,deadband,0.0000,8000,16,0.0882,0.0882,0.0000,0.0882,94,none,42,43,1,0.0882,0.0882,False,False,94,0.0882,True,True,0,recovered,0,recovered,0,recovered,0,recovered
constant_27C_3p3V,rc_f/sch,deadband,0.0000,8000,256,0.0882,0.0882,0.0000,0.0882,94,none,42,42,1,0.0882,0.0882,False,False,94,0.0882,True,True,0,recovered,0,recovered,0,recovered,0,recovered
ramp_1C_per_s,rc_f/sch,deadband,0.0000,70500,1,0.1362,0.1364,0.0002,0.1364,95,none,65,65,1,0.2342,0.2342,False,False,93,-0.1757,True,True,0,recovered,0,recovered,0,recovered,0,recovered
ramp_1C_per_s,rc_f/sch,deadband,0.0000,70500,16,0.1362,0.1375,0.0013,0.1375,95,none,65,66,1,0.2342,0.2342,False,False,94,0.2162,True,True,0,recovered,0,recovered,0,recovered,0,recovered
ramp_1C_per_s,rc_f/sch,deadband,0.0000,70500,256,0.1362,0.1558,0.0196,0.1558,95,none,65,75,1,0.2343,0.2343,False,False,93,-0.1542,True,True,0,recovered,0,recovered,0,recovered,0,recovered
ramp_20C_per_s,rc_f/sch,deadband,0.0000,11125,1,0.1362,0.1393,0.0031,0.1393,95,none,65,67,1,0.2352,0.2352,False,False,81,-0.2092,True,True,0,recovered,0,recovered,0,recovered,0,recovered
ramp_20C_per_s,rc_f/sch,deadband,0.0000,11125,16,0.1362,0.1622,0.0260,0.1622,95,none,65,78,1,0.2355,0.2352,False,False,82,0.1813,True,True,0,recovered,0,recovered,0,recovered,0,recovered
ramp_20C_per_s,rc_f/sch,deadband,0.0000,11125,256,0.1362,0.5342,0.3980,0.5342,95,none,65,256,1,0.5342,0.2352,False,False,82,0.1813,True,True,2,recovered,0,recovered,12,recovered,0,recovered
vdd_step_+27C,rc_f/sch,deadband,0.0000,7999,1,0.0882,-0.9337,-1.0220,0.9337,94,none,42,-448,1,0.9337,0.9337,False,False,96,-0.1569,True,True,none,controller_not_recovered,none,controller_not_recovered,0,recovered,0,recovered
vdd_step_+27C,rc_f/sch,deadband,0.0000,7999,16,0.0882,-0.9337,-1.0220,0.9337,94,none,42,-448,1,0.9337,0.9337,False,False,96,-0.1569,True,True,none,controller_not_recovered,none,controller_not_recovered,14,recovered,0,recovered
vdd_step_+27C,rc_f/sch,deadband,0.0000,7999,256,0.0882,-0.9337,-1.0220,0.9337,94,none,42,-448,1,0.9337,0.9337,False,False,96,-0.1569,True,True,none,controller_not_recovered,none,controller_not_recovered,14,recovered,0,recovered
vdd_step_-40C,rc_f/sch,deadband,0.0000,7999,1,0.2036,-0.9296,-1.1332,0.9296,107,none,-101,-446,1,0.9296,1.3395,False,False,109,-0.1047,True,True,3,recovered,3,recovered,0,recovered,16,recovered
vdd_step_-40C,rc_f/sch,deadband,0.0000,7999,16,0.2036,-0.9296,-1.1332,0.9296,107,none,-101,-446,1,0.9296,1.3395,False,False,109,-0.1047,True,True,3,recovered,0,recovered,15,recovered,1,recovered
vdd_step_-40C,rc_f/sch,deadband,0.0000,7999,256,0.2036,-0.9296,-1.1332,0.9296,107,none,-101,-446,1,0.9296,1.3395,False,False,109,-0.1047,True,True,3,recovered,0,recovered,15,recovered,0,recovered
constant_27C_3p3V,rc_f/sch,avg32,0.0000,8000,1,0.0882,0.0882,0.0000,0.0882,94,none,43,43,1,0.0882,0.0882,False,False,94,0.0882,True,True,0,recovered,0,recovered,0,recovered,0,recovered
constant_27C_3p3V,rc_f/sch,avg32,0.0000,8000,16,0.0882,0.0882,0.0000,0.0882,94,none,43,43,1,0.0882,0.0882,False,False,94,0.0882,True,True,0,recovered,0,recovered,0,recovered,0,recovered
constant_27C_3p3V,rc_f/sch,avg32,0.0000,8000,256,0.0882,0.0882,0.0000,0.0882,94,none,43,42,1,0.0882,0.0882,False,False,94,0.0882,True,True,0,recovered,0,recovered,0,recovered,0,recovered
ramp_1C_per_s,rc_f/sch,avg32,0.0000,70500,1,0.1362,0.1364,0.0002,0.1364,95,none,66,65,1,0.2362,0.2360,False,False,93,-0.1757,True,True,0,recovered,0,recovered,0,recovered,0,recovered
ramp_1C_per_s,rc_f/sch,avg32,0.0000,70500,16,0.1362,0.1375,0.0013,0.1375,95,none,66,66,1,0.2373,0.2360,False,False,94,0.2162,True,True,0,recovered,0,recovered,0,recovered,0,recovered
ramp_1C_per_s,rc_f/sch,avg32,0.0000,70500,256,0.1362,0.1558,0.0196,0.1558,95,none,66,75,1,0.2349,0.2360,False,False,93,-0.1542,True,True,0,recovered,0,recovered,0,recovered,0,recovered
ramp_20C_per_s,rc_f/sch,avg32,0.0000,11125,1,0.1362,0.1393,0.0031,0.1393,95,none,64,67,1,0.3117,0.3084,False,False,82,0.1813,True,True,108,recovered,106,recovered,109,recovered,107,recovered
ramp_20C_per_s,rc_f/sch,avg32,0.0000,11125,16,0.1362,0.1622,0.0260,0.1622,95,none,64,78,1,0.3018,0.3084,False,False,81,-0.2092,True,True,0,recovered,91,recovered,0,recovered,92,recovered
ramp_20C_per_s,rc_f/sch,avg32,0.0000,11125,256,0.1362,0.5342,0.3980,0.5342,95,none,64,256,1,0.5511,0.3084,False,False,82,0.1813,True,True,12,recovered,0,recovered,24,recovered,0,recovered
vdd_step_+27C,rc_f/sch,avg32,0.0000,7999,1,0.0882,-0.9337,-1.0220,0.9337,94,none,42,-448,1,0.9337,0.9337,False,False,97,0.2580,True,True,none,controller_not_recovered,none,controller_not_recovered,none,controller_not_recovered,none,controller_not_recovered
vdd_step_+27C,rc_f/sch,avg32,0.0000,7999,16,0.0882,-0.9337,-1.0220,0.9337,94,none,42,-448,1,0.9337,0.9337,False,False,97,0.2580,True,True,none,controller_not_recovered,none,controller_not_recovered,none,controller_not_recovered,none,controller_not_recovered
vdd_step_+27C,rc_f/sch,avg32,0.0000,7999,256,0.0882,-0.9337,-1.0220,0.9337,94,none,42,-449,1,0.9337,0.9337,False,False,97,0.2580,True,True,none,controller_not_recovered,none,controller_not_recovered,none,controller_not_recovered,none,controller_not_recovered
vdd_step_-40C,rc_f/sch,avg32,0.0000,7999,1,0.2036,-0.9296,-1.1332,0.9296,107,none,98,-446,1,1.3395,1.3395,False,False,109,-0.1047,True,True,98,recovered,96,recovered,108,recovered,106,recovered
vdd_step_-40C,rc_f/sch,avg32,0.0000,7999,16,0.2036,-0.9296,-1.1332,0.9296,107,none,98,-446,1,1.3395,1.3395,False,False,109,-0.1047,True,True,98,recovered,81,recovered,108,recovered,91,recovered
vdd_step_-40C,rc_f/sch,avg32,0.0000,7999,256,0.2036,-0.9296,-1.1332,0.9296,107,none,98,-446,1,1.3395,1.3395,False,False,109,-0.1047,True,True,98,recovered,0,recovered,108,recovered,0,recovered
constant_27C_3p3V,rc_f/sch,fracdither,0.0000,8000,1,0.0882,0.0882,0.0000,0.0882,94,none,42,42,1,0.3019,0.3019,False,False,93,-0.3019,True,True,none,controller_not_recovered,none,controller_not_recovered,0,recovered,0,recovered
constant_27C_3p3V,rc_f/sch,fracdither,0.0000,8000,16,0.0882,0.0882,0.0000,0.0882,94,none,42,42,1,0.3019,0.3019,False,False,93,-0.3019,True,True,none,controller_not_recovered,none,controller_not_recovered,0,recovered,0,recovered
constant_27C_3p3V,rc_f/sch,fracdither,0.0000,8000,256,0.0882,0.0882,0.0000,0.0882,94,none,42,43,1,0.3019,0.3019,False,False,93,-0.3019,True,True,none,controller_not_recovered,none,controller_not_recovered,0,recovered,0,recovered
ramp_1C_per_s,rc_f/sch,fracdither,0.0000,70500,1,-0.2541,-0.2540,0.0002,0.2541,94,none,66,-122,1,0.4429,0.4405,False,False,93,-0.1757,True,True,53,recovered,51,recovered,0,recovered,0,recovered
ramp_1C_per_s,rc_f/sch,fracdither,0.0000,70500,16,-0.2541,-0.2528,0.0013,0.2541,94,none,66,-121,1,0.4438,0.4405,False,False,93,-0.1744,True,True,36,recovered,36,recovered,2,recovered,0,recovered
ramp_1C_per_s,rc_f/sch,fracdither,0.0000,70500,256,-0.2541,-0.2346,0.0196,0.2541,94,none,66,-112,1,0.4434,0.4405,False,False,94,0.2365,True,True,0,recovered,0,recovered,0,recovered,0,recovered
ramp_20C_per_s,rc_f/sch,fracdither,0.0000,11125,1,-0.2541,-0.2511,0.0030,0.2541,94,none,65,-120,1,0.4309,0.4420,False,False,81,-0.2092,True,True,3098,recovered,3098,recovered,0,recovered,0,recovered
ramp_20C_per_s,rc_f/sch,fracdither,0.0000,11125,16,-0.2541,-0.2282,0.0259,0.2541,94,none,65,-110,1,0.4448,0.4420,False,False,81,-0.2092,True,True,3081,recovered,3083,recovered,0,recovered,0,recovered
ramp_20C_per_s,rc_f/sch,fracdither,0.0000,11125,256,-0.2541,0.1423,0.3964,0.2541,94,none,65,68,1,0.5359,0.4420,False,False,81,-0.2092,True,True,2844,recovered,2843,recovered,0,recovered,0,recovered
vdd_step_+27C,rc_f/sch,fracdither,0.0000,7999,1,0.0882,-0.9337,-1.0220,0.9337,94,none,43,-448,1,0.9337,0.9337,False,False,97,0.2580,True,True,none,controller_not_recovered,none,controller_not_recovered,15,recovered,0,recovered
vdd_step_+27C,rc_f/sch,fracdither,0.0000,7999,16,0.0882,-0.9337,-1.0220,0.9337,94,none,43,-448,1,0.9337,0.9337,False,False,97,0.2580,True,True,none,controller_not_recovered,none,controller_not_recovered,15,recovered,0,recovered
vdd_step_+27C,rc_f/sch,fracdither,0.0000,7999,256,0.0882,-0.9337,-1.0220,0.9337,94,none,43,-448,1,0.9337,0.9337,False,False,97,0.2580,True,True,none,controller_not_recovered,none,controller_not_recovered,15,recovered,0,recovered
vdd_step_-40C,rc_f/sch,fracdither,0.0000,7999,1,0.2036,-0.9296,-1.1332,0.9296,107,none,-102,-446,1,0.9296,1.3395,False,False,110,0.3104,True,True,none,controller_not_recovered,none,controller_not_recovered,16,recovered,0,recovered
vdd_step_-40C,rc_f/sch,fracdither,0.0000,7999,16,0.2036,-0.9296,-1.1332,0.9296,107,none,-102,-447,1,0.9296,1.3395,False,False,110,0.3104,True,True,none,controller_not_recovered,none,controller_not_recovered,16,recovered,0,recovered
vdd_step_-40C,rc_f/sch,fracdither,0.0000,7999,256,0.2036,-0.9296,-1.1332,0.9296,107,none,-102,-447,1,0.9296,1.3395,False,False,110,0.3104,True,True,none,controller_not_recovered,none,controller_not_recovered,16,recovered,0,recovered
constant_27C_3p3V,rc_s/sch,bangbang,0.0000,8000,1,0.5355,0.5355,0.0000,0.5355,202,none,-98,257,1,0.5355,0.5355,False,False,202,0.5355,True,True,none,controller_not_recovered,none,controller_not_recovered,0,recovered,0,recovered
constant_27C_3p3V,rc_s/sch,bangbang,0.0000,8000,16,0.5355,0.5355,0.0000,0.5355,202,none,-98,257,1,0.5355,0.5355,False,False,202,0.5355,True,True,none,controller_not_recovered,none,controller_not_recovered,14,recovered,0,recovered
constant_27C_3p3V,rc_s/sch,bangbang,0.0000,8000,256,0.5355,0.5355,0.0000,0.5355,202,none,-98,257,1,0.5355,0.5355,False,False,202,0.5355,True,True,none,controller_not_recovered,none,controller_not_recovered,14,recovered,0,recovered
ramp_1C_per_s,rc_s/sch,bangbang,0.0000,70500,1,-0.5291,-0.5289,0.0001,0.5291,201,none,99,-254,1,0.6174,0.6174,False,False,201,-0.1223,True,True,none,controller_not_recovered,none,controller_not_recovered,0,recovered,0,recovered
ramp_1C_per_s,rc_s/sch,bangbang,0.0000,70500,16,-0.5291,-0.5278,0.0012,0.5291,201,none,99,-253,1,0.6182,0.6183,False,False,201,-0.1215,True,True,none,controller_not_recovered,none,controller_not_recovered,14,recovered,0,recovered
ramp_1C_per_s,rc_s/sch,bangbang,0.0000,70500,256,-0.5291,-0.5105,0.0186,0.5291,201,none,99,-245,1,0.6313,0.6314,False,False,201,-0.1085,True,True,none,controller_not_recovered,none,controller_not_recovered,12,recovered,0,recovered
ramp_20C_per_s,rc_s/sch,bangbang,0.0000,11125,1,-0.5291,-0.5262,0.0029,0.5291,201,none,99,-252,1,0.7409,0.7409,False,False,197,-0.0530,True,True,none,controller_not_recovered,none,controller_not_recovered,0,recovered,0,recovered
ramp_20C_per_s,rc_s/sch,bangbang,0.0000,11125,16,-0.5291,-0.5045,0.0246,0.5291,201,none,99,-242,1,0.7408,0.7409,False,False,197,-0.0530,True,True,none,controller_not_recovered,none,controller_not_recovered,12,recovered,0,recovered
ramp_20C_per_s,rc_s/sch,bangbang,0.0000,11125,256,-0.5291,-0.1690,0.3601,0.5291,201,none,99,-81,1,0.7408,0.7409,False,False,198,0.6873,True,True,none,controller_not_recovered,none,controller_not_recovered,274,recovered,274,recovered
vdd_step_+27C,rc_s/sch,bangbang,0.0000,7999,1,-0.2037,-1.2310,-1.0273,1.2310,201,none,257,-591,1,1.2310,0.4994,False,False,203,0.2376,True,True,none,controller_not_recovered,none,controller_not_recovered,16,recovered,0,recovered
vdd_step_+27C,rc_s/sch,bangbang,0.0000,7999,16,-0.2037,-1.2310,-1.0273,1.2310,201,none,257,-591,1,1.2310,0.4994,False,False,203,0.2376,True,True,none,controller_not_recovered,none,controller_not_recovered,16,recovered,0,recovered
vdd_step_+27C,rc_s/sch,bangbang,0.0000,7999,256,-0.2037,-1.2310,-1.0273,1.2310,201,none,257,-591,1,1.2310,0.4994,False,False,203,0.2376,True,True,none,controller_not_recovered,none,controller_not_recovered,16,recovered,0,recovered
vdd_step_-40C,rc_s/sch,bangbang,0.0000,7999,1,0.7974,-0.3504,-1.1478,0.7974,209,none,-7,-168,1,0.7974,1.1532,False,False,209,-0.3504,False,True,none,plant_unreachable,none,plant_unreachable,5,recovered,3,recovered
vdd_step_-40C,rc_s/sch,bangbang,0.0000,7999,16,0.7974,-0.3504,-1.1478,0.7974,209,none,-7,-169,1,0.7974,1.1532,False,False,209,-0.3504,False,True,none,plant_unreachable,none,plant_unreachable,4,recovered,0,recovered
vdd_step_-40C,rc_s/sch,bangbang,0.0000,7999,256,0.7974,-0.3504,-1.1478,0.7974,209,none,-7,-168,1,0.7974,1.1532,False,False,209,-0.3504,False,True,none,plant_unreachable,none,plant_unreachable,4,recovered,0,recovered
constant_27C_3p3V,rc_s/sch,deadband,0.0000,8000,1,0.5355,0.5355,0.0000,0.5355,202,none,-98,257,1,0.5355,0.5355,False,False,202,0.5355,True,True,none,controller_not_recovered,none,controller_not_recovered,0,recovered,0,recovered
constant_27C_3p3V,rc_s/sch,deadband,0.0000,8000,16,0.5355,0.5355,0.0000,0.5355,202,none,-98,257,1,0.5355,0.5355,False,False,202,0.5355,True,True,none,controller_not_recovered,none,controller_not_recovered,14,recovered,0,recovered
constant_27C_3p3V,rc_s/sch,deadband,0.0000,8000,256,0.5355,0.5355,0.0000,0.5355,202,none,-98,257,1,0.5355,0.5355,False,False,202,0.5355,True,True,none,controller_not_recovered,none,controller_not_recovered,14,recovered,0,recovered
ramp_1C_per_s,rc_s/sch,deadband,0.0000,70500,1,0.2077,0.2079,0.0001,0.2079,202,none,-254,100,1,0.5830,0.5831,False,False,201,-0.1223,True,True,5369,recovered,5371,recovered,0,recovered,0,recovered
ramp_1C_per_s,rc_s/sch,deadband,0.0000,70500,16,0.2077,0.2090,0.0012,0.2090,202,none,-254,101,1,0.5829,0.5831,False,False,201,-0.1215,True,True,5353,recovered,5356,recovered,0,recovered,0,recovered
ramp_1C_per_s,rc_s/sch,deadband,0.0000,70500,256,0.2077,0.2264,0.0187,0.2264,202,none,-254,109,1,0.5829,0.5831,False,False,201,-0.1085,True,True,5112,recovered,5116,recovered,0,recovered,0,recovered
ramp_20C_per_s,rc_s/sch,deadband,0.0000,11125,1,0.2077,0.2106,0.0029,0.2106,202,none,-254,101,1,0.5826,0.5826,False,False,197,-0.0530,True,True,268,recovered,268,recovered,0,recovered,0,recovered
ramp_20C_per_s,rc_s/sch,deadband,0.0000,11125,16,0.2077,0.2325,0.0248,0.2325,202,none,-254,111,1,0.5836,0.5826,False,False,197,-0.0530,True,True,254,recovered,253,recovered,0,recovered,0,recovered
ramp_20C_per_s,rc_s/sch,deadband,0.0000,11125,256,0.2077,0.5705,0.3628,0.5705,202,none,-254,274,1,0.5826,0.5826,False,False,197,-0.0530,True,True,12,recovered,13,recovered,14,recovered,0,recovered
vdd_step_+27C,rc_s/sch,deadband,0.0000,7999,1,-0.2037,-1.2310,-1.0273,1.2310,201,none,257,-591,1,1.2310,0.4994,False,False,203,0.2376,True,True,none,controller_not_recovered,none,controller_not_recovered,16,recovered,0,recovered
vdd_step_+27C,rc_s/sch,deadband,0.0000,7999,16,-0.2037,-1.2310,-1.0273,1.2310,201,none,257,-591,1,1.2310,0.4994,False,False,203,0.2376,True,True,none,controller_not_recovered,none,controller_not_recovered,16,recovered,0,recovered
vdd_step_+27C,rc_s/sch,deadband,0.0000,7999,256,-0.2037,-1.2310,-1.0273,1.2310,201,none,257,-591,1,1.2310,0.4994,False,False,203,0.2376,True,True,none,controller_not_recovered,none,controller_not_recovered,16,recovered,0,recovered
vdd_step_-40C,rc_s/sch,deadband,0.0000,7999,1,-0.0146,-1.1532,-1.1386,1.1532,208,none,-7,-553,1,1.1532,1.1532,False,False,210,0.4589,False,True,none,plant_unreachable,none,plant_unreachable,0,recovered,0,recovered
vdd_step_-40C,rc_s/sch,deadband,0.0000,7999,16,-0.0146,-1.1532,-1.1386,1.1532,208,none,-7,-553,1,1.1532,1.1532,False,False,210,0.4589,False,True,none,plant_unreachable,none,plant_unreachable,13,recovered,0,recovered
vdd_step_-40C,rc_s/sch,deadband,0.0000,7999,256,-0.0146,-1.1532,-1.1386,1.1532,208,none,-7,-554,1,1.1532,1.1532,False,False,210,0.4589,False,True,none,plant_unreachable,none,plant_unreachable,13,recovered,0,recovered
constant_27C_3p3V,rc_s/sch,avg32,0.0000,8000,1,0.5355,0.5355,0.0000,0.5355,202,none,-98,257,1,0.5355,0.5355,False,False,201,-0.2037,True,True,none,controller_not_recovered,none,controller_not_recovered,none,controller_not_recovered,none,controller_not_recovered
constant_27C_3p3V,rc_s/sch,avg32,0.0000,8000,16,0.5355,0.5355,0.0000,0.5355,202,none,-98,257,1,0.5355,0.5355,False,False,201,-0.2037,True,True,none,controller_not_recovered,none,controller_not_recovered,none,controller_not_recovered,none,controller_not_recovered
constant_27C_3p3V,rc_s/sch,avg32,0.0000,8000,256,0.5355,0.5355,0.0000,0.5355,202,none,-98,257,1,0.5355,0.5355,False,False,201,-0.2037,True,True,none,controller_not_recovered,none,controller_not_recovered,none,controller_not_recovered,none,controller_not_recovered
ramp_1C_per_s,rc_s/sch,avg32,0.0000,70500,1,0.2077,0.2079,0.0001,0.2079,202,none,100,100,1,0.5850,0.5848,False,False,201,-0.1223,True,True,5405,recovered,5403,recovered,5412,recovered,5410,recovered
ramp_1C_per_s,rc_s/sch,avg32,0.0000,70500,16,0.2077,0.2090,0.0012,0.2090,202,none,100,101,1,0.5858,0.5848,False,False,201,-0.1215,True,True,5405,recovered,5388,recovered,5412,recovered,5395,recovered
ramp_1C_per_s,rc_s/sch,avg32,0.0000,70500,256,0.2077,0.2264,0.0187,0.2264,202,none,100,109,1,0.5849,0.5848,False,False,201,-0.1085,True,True,5149,recovered,5148,recovered,5156,recovered,5155,recovered
ramp_20C_per_s,rc_s/sch,avg32,0.0000,11125,1,0.2077,0.2106,0.0029,0.2106,202,none,99,101,1,0.6098,0.6077,False,False,197,-0.0530,True,True,268,recovered,266,recovered,275,recovered,273,recovered
ramp_20C_per_s,rc_s/sch,avg32,0.0000,11125,16,0.2077,0.2325,0.0248,0.2325,202,none,99,112,1,0.6227,0.6077,False,False,197,-0.0530,True,True,268,recovered,251,recovered,275,recovered,258,recovered
ramp_20C_per_s,rc_s/sch,avg32,0.0000,11125,256,0.2077,0.5705,0.3628,0.5705,202,none,99,274,1,0.6088,0.6077,False,False,197,-0.0530,True,True,12,recovered,11,recovered,19,recovered,18,recovered
vdd_step_+27C,rc_s/sch,avg32,0.0000,7999,1,-0.2037,-1.2310,-1.0273,1.2310,201,none,-98,-591,1,1.2310,0.4994,False,False,203,0.2376,True,True,none,controller_not_recovered,none,controller_not_recovered,none,controller_not_recovered,none,controller_not_recovered
vdd_step_+27C,rc_s/sch,avg32,0.0000,7999,16,-0.2037,-1.2310,-1.0273,1.2310,201,none,-98,-591,1,1.2310,0.4994,False,False,203,0.2376,True,True,none,controller_not_recovered,none,controller_not_recovered,none,controller_not_recovered,none,controller_not_recovered
vdd_step_+27C,rc_s/sch,avg32,0.0000,7999,256,-0.2037,-1.2310,-1.0273,1.2310,201,none,-98,-591,1,1.2310,0.4994,False,False,203,0.2376,True,True,none,controller_not_recovered,none,controller_not_recovered,none,controller_not_recovered,none,controller_not_recovered
vdd_step_-40C,rc_s/sch,avg32,0.0000,7999,1,-0.0146,-1.1532,-1.1386,1.1532,208,none,-7,-553,1,1.1532,1.1532,False,False,209,-0.3504,False,True,none,plant_unreachable,none,plant_unreachable,none,controller_not_recovered,none,controller_not_recovered
vdd_step_-40C,rc_s/sch,avg32,0.0000,7999,16,-0.0146,-1.1532,-1.1386,1.1532,208,none,-7,-554,1,1.1532,1.1532,False,False,209,-0.3504,False,True,none,plant_unreachable,none,plant_unreachable,none,controller_not_recovered,none,controller_not_recovered
vdd_step_-40C,rc_s/sch,avg32,0.0000,7999,256,-0.0146,-1.1532,-1.1386,1.1532,208,none,-7,-554,1,1.1532,1.1532,False,False,209,-0.3504,False,True,none,plant_unreachable,none,plant_unreachable,none,controller_not_recovered,none,controller_not_recovered
constant_27C_3p3V,rc_s/sch,fracdither,0.0000,8000,1,-0.2037,-0.2037,0.0000,0.2037,201,none,257,-98,1,0.9374,0.9374,False,False,201,-0.2037,True,True,none,controller_not_recovered,none,controller_not_recovered,0,recovered,0,recovered
constant_27C_3p3V,rc_s/sch,fracdither,0.0000,8000,16,-0.2037,-0.2037,0.0000,0.2037,201,none,257,-98,1,0.9374,0.9374,False,False,201,-0.2037,True,True,none,controller_not_recovered,none,controller_not_recovered,0,recovered,0,recovered
constant_27C_3p3V,rc_s/sch,fracdither,0.0000,8000,256,-0.2037,-0.2037,0.0000,0.2037,201,none,257,-98,1,0.9374,0.9374,False,False,201,-0.2037,True,True,none,controller_not_recovered,none,controller_not_recovered,0,recovered,0,recovered
ramp_1C_per_s,rc_s/sch,fracdither,0.0000,70500,1,-0.5291,-0.5289,0.0001,0.5291,201,none,100,-254,1,0.9969,0.9857,False,False,201,-0.1223,True,True,none,controller_not_recovered,none,controller_not_recovered,0,recovered,0,recovered
ramp_1C_per_s,rc_s/sch,fracdither,0.0000,70500,16,-0.5291,-0.5278,0.0012,0.5291,201,none,100,-253,1,0.9872,0.9857,False,False,201,-0.1215,True,True,none,controller_not_recovered,none,controller_not_recovered,10,recovered,0,recovered
ramp_1C_per_s,rc_s/sch,fracdither,0.0000,70500,256,-0.5291,-0.5105,0.0186,0.5291,201,none,100,-245,1,0.9832,0.9857,False,False,202,0.6314,True,True,none,controller_not_recovered,none,controller_not_recovered,9,recovered,0,recovered
ramp_20C_per_s,rc_s/sch,fracdither,0.0000,11125,1,-0.5291,-0.5262,0.0029,0.5291,201,none,99,-252,1,0.9738,0.9522,False,False,197,-0.0530,True,True,none,controller_not_recovered,none,controller_not_recovered,0,recovered,0,recovered
ramp_20C_per_s,rc_s/sch,fracdither,0.0000,11125,16,-0.5291,-0.5045,0.0246,0.5291,201,none,99,-242,1,0.9875,0.9522,False,False,196,-0.7879,True,True,none,controller_not_recovered,none,controller_not_recovered,9,recovered,0,recovered
ramp_20C_per_s,rc_s/sch,fracdither,0.0000,11125,256,-0.5291,-0.1690,0.3601,0.5291,201,none,99,-81,1,1.0033,0.9522,False,False,196,-0.7879,True,True,none,controller_not_recovered,none,controller_not_recovered,0,recovered,0,recovered
vdd_step_+27C,rc_s/sch,fracdither,0.0000,7999,1,0.5355,-0.4994,-1.0349,0.5355,202,none,-97,-240,1,0.9800,1.2310,False,False,202,-0.4994,True,True,none,controller_not_recovered,none,controller_not_recovered,0,recovered,0,recovered
vdd_step_+27C,rc_s/sch,fracdither,0.0000,7999,16,0.5355,-0.4994,-1.0349,0.5355,202,none,-97,-239,1,0.9800,1.2310,False,False,202,-0.4994,True,True,none,controller_not_recovered,none,controller_not_recovered,11,recovered,0,recovered
vdd_step_+27C,rc_s/sch,fracdither,0.0000,7999,256,0.5355,-0.4994,-1.0349,0.5355,202,none,-97,-240,1,0.9800,1.2310,False,False,203,0.2376,True,True,none,controller_not_recovered,none,controller_not_recovered,11,recovered,0,recovered
vdd_step_-40C,rc_s/sch,fracdither,0.0000,7999,1,0.7974,-0.3504,-1.1478,0.7974,209,none,-7,-168,1,1.1532,1.8800,False,False,209,-0.3504,False,True,none,plant_unreachable,none,plant_unreachable,0,recovered,0,recovered
vdd_step_-40C,rc_s/sch,fracdither,0.0000,7999,16,0.7974,-0.3504,-1.1478,0.7974,209,none,-7,-168,1,1.1532,1.8800,False,False,210,0.4589,False,True,none,plant_unreachable,none,plant_unreachable,9,recovered,0,recovered
vdd_step_-40C,rc_s/sch,fracdither,0.0000,7999,256,0.7974,-0.3504,-1.1478,0.7974,209,none,-7,-168,1,1.1532,1.8800,False,False,209,-0.3504,False,True,none,plant_unreachable,none,plant_unreachable,9,recovered,0,recovered
constant_27C_3p3V,tt/ext,bangbang,0.0000,8000,1,0.4714,0.4714,0.0000,0.4714,214,none,-121,227,1,0.4714,0.4714,False,False,214,0.4714,False,True,none,plant_unreachable,none,plant_unreachable,0,recovered,0,recovered
constant_27C_3p3V,tt/ext,bangbang,0.0000,8000,16,0.4714,0.4714,0.0000,0.4714,214,none,-121,226,1,0.4714,0.4714,False,False,214,0.4714,False,True,none,plant_unreachable,none,plant_unreachable,10,recovered,0,recovered
constant_27C_3p3V,tt/ext,bangbang,0.0000,8000,256,0.4714,0.4714,0.0000,0.4714,214,none,-121,227,1,0.4714,0.4714,False,False,214,0.4714,False,True,none,plant_unreachable,none,plant_unreachable,10,recovered,0,recovered
ramp_1C_per_s,tt/ext,bangbang,0.0000,70500,1,0.2287,0.2288,0.0001,0.2288,214,none,-237,110,1,0.5439,0.5439,False,False,214,0.5439,True,True,none,controller_not_recovered,none,controller_not_recovered,0,recovered,0,recovered
ramp_1C_per_s,tt/ext,bangbang,0.0000,70500,16,0.2287,0.2296,0.0009,0.2296,214,none,-237,110,1,0.5446,0.5446,False,False,214,0.5446,True,True,none,controller_not_recovered,none,controller_not_recovered,0,recovered,0,recovered
ramp_1C_per_s,tt/ext,bangbang,0.0000,70500,256,0.2287,0.2426,0.0139,0.2426,214,none,-237,116,1,0.5562,0.5562,False,False,214,0.5562,True,True,none,controller_not_recovered,none,controller_not_recovered,0,recovered,0,recovered
ramp_20C_per_s,tt/ext,bangbang,0.0000,11125,1,-0.4940,-0.4919,0.0021,0.4940,213,none,109,-236,1,0.7266,0.7266,False,False,209,-0.3948,False,True,none,plant_unreachable,none,plant_unreachable,0,recovered,0,recovered
ramp_20C_per_s,tt/ext,bangbang,0.0000,11125,16,-0.4940,-0.4758,0.0182,0.4940,213,none,109,-228,1,0.7270,0.7266,False,False,210,0.3286,False,True,none,plant_unreachable,none,plant_unreachable,10,recovered,0,recovered
ramp_20C_per_s,tt/ext,bangbang,0.0000,11125,256,-0.4940,-0.2224,0.2716,0.4940,213,none,109,-106,1,0.7270,0.7266,False,False,210,0.3286,False,True,none,plant_unreachable,none,plant_unreachable,356,recovered,356,recovered
vdd_step_+27C,tt/ext,bangbang,0.0000,7999,1,-0.2531,-1.3567,-1.1036,1.3567,213,none,226,-652,1,1.3567,0.6403,False,False,215,0.0814,True,True,none,controller_not_recovered,none,controller_not_recovered,none,controller_not_recovered,none,controller_not_recovered
vdd_step_+27C,tt/ext,bangbang,0.0000,7999,16,-0.2531,-1.3567,-1.1036,1.3567,213,none,226,-651,1,1.3567,0.6403,False,False,215,0.0814,True,True,none,controller_not_recovered,none,controller_not_recovered,none,controller_not_recovered,none,controller_not_recovered
vdd_step_+27C,tt/ext,bangbang,0.0000,7999,256,-0.2531,-1.3567,-1.1036,1.3567,213,none,226,-651,1,1.3567,0.6403,False,False,215,0.0814,True,True,none,controller_not_recovered,none,controller_not_recovered,none,controller_not_recovered,none,controller_not_recovered
vdd_step_-40C,tt/ext,bangbang,0.0000,7999,1,0.4271,-0.6591,-1.0862,0.6591,219,none,-143,-317,1,0.6591,1.3754,False,False,219,-0.6591,True,True,none,controller_not_recovered,none,controller_not_recovered,none,controller_not_recovered,none,controller_not_recovered
vdd_step_-40C,tt/ext,bangbang,0.0000,7999,16,0.4271,-0.6591,-1.0862,0.6591,219,none,-143,-316,1,0.6591,1.3754,False,False,219,-0.6591,True,True,none,controller_not_recovered,none,controller_not_recovered,none,controller_not_recovered,none,controller_not_recovered
vdd_step_-40C,tt/ext,bangbang,0.0000,7999,256,0.4271,-0.6591,-1.0862,0.6591,219,none,-143,-317,1,0.6591,1.3754,False,False,219,-0.6591,True,True,none,controller_not_recovered,none,controller_not_recovered,none,controller_not_recovered,none,controller_not_recovered
constant_27C_3p3V,tt/ext,deadband,0.0000,8000,1,0.4714,0.4714,0.0000,0.4714,214,none,-121,227,1,0.4714,0.4714,False,False,214,0.4714,False,True,none,plant_unreachable,none,plant_unreachable,0,recovered,0,recovered
constant_27C_3p3V,tt/ext,deadband,0.0000,8000,16,0.4714,0.4714,0.0000,0.4714,214,none,-121,226,1,0.4714,0.4714,False,False,214,0.4714,False,True,none,plant_unreachable,none,plant_unreachable,10,recovered,0,recovered
constant_27C_3p3V,tt/ext,deadband,0.0000,8000,256,0.4714,0.4714,0.0000,0.4714,214,none,-121,227,1,0.4714,0.4714,False,False,214,0.4714,False,True,none,plant_unreachable,none,plant_unreachable,10,recovered,0,recovered
ramp_1C_per_s,tt/ext,deadband,0.0000,70500,1,-0.4940,-0.4939,0.0001,0.4940,213,none,110,-237,1,0.5438,0.5438,False,False,213,-0.1811,True,True,none,controller_not_recovered,none,controller_not_recovered,0,recovered,0,recovered
ramp_1C_per_s,tt/ext,deadband,0.0000,70500,16,-0.4940,-0.4931,0.0009,0.4940,213,none,110,-237,1,0.5446,0.5446,False,False,213,-0.1804,True,True,none,controller_not_recovered,none,controller_not_recovered,12,recovered,0,recovered
ramp_1C_per_s,tt/ext,deadband,0.0000,70500,256,-0.4940,-0.4803,0.0138,0.4940,213,none,110,-231,1,0.5562,0.5562,False,False,213,-0.1689,True,True,none,controller_not_recovered,none,controller_not_recovered,12,recovered,0,recovered
ramp_20C_per_s,tt/ext,deadband,0.0000,11125,1,-0.4940,-0.4919,0.0021,0.4940,213,none,109,-236,1,0.5696,0.5691,False,False,209,-0.3948,False,True,325,recovered,325,recovered,0,recovered,0,recovered
ramp_20C_per_s,tt/ext,deadband,0.0000,11125,16,-0.4940,-0.4758,0.0182,0.4940,213,none,109,-228,1,0.5696,0.5691,False,False,209,-0.3948,False,True,311,recovered,310,recovered,10,recovered,0,recovered
ramp_20C_per_s,tt/ext,deadband,0.0000,11125,256,-0.4940,-0.2224,0.2716,0.4940,213,none,109,-106,1,0.5691,0.5691,False,False,210,0.3286,False,True,71,recovered,70,recovered,0,recovered,0,recovered
vdd_step_+27C,tt/ext,deadband,0.0000,7999,1,-0.2531,-1.3567,-1.1036,1.3567,213,none,226,-652,1,1.3567,0.6403,False,False,215,0.0814,True,True,3,recovered,1,recovered,0,recovered,0,recovered
vdd_step_+27C,tt/ext,deadband,0.0000,7999,16,-0.2531,-1.3567,-1.1036,1.3567,213,none,226,-651,1,1.3567,0.6403,False,False,215,0.0814,True,True,3,recovered,0,recovered,14,recovered,0,recovered
vdd_step_+27C,tt/ext,deadband,0.0000,7999,256,-0.2531,-1.3567,-1.1036,1.3567,213,none,226,-651,1,1.3567,0.6403,False,False,215,0.0814,True,True,3,recovered,0,recovered,14,recovered,0,recovered
vdd_step_-40C,tt/ext,deadband,0.0000,7999,1,0.4271,-0.6591,-1.0862,0.6591,219,none,-143,-317,1,0.6591,1.3754,False,False,220,0.0624,True,True,2,recovered,2,recovered,0,recovered,0,recovered
vdd_step_-40C,tt/ext,deadband,0.0000,7999,16,0.4271,-0.6591,-1.0862,0.6591,219,none,-143,-316,1,0.6591,1.3754,False,False,220,0.0624,True,True,2,recovered,0,recovered,11,recovered,0,recovered
vdd_step_-40C,tt/ext,deadband,0.0000,7999,256,0.4271,-0.6591,-1.0862,0.6591,219,none,-143,-317,1,0.6591,1.3754,False,False,220,0.0624,True,True,2,recovered,0,recovered,11,recovered,0,recovered
constant_27C_3p3V,tt/ext,avg32,0.0000,8000,1,0.4714,0.4714,0.0000,0.4714,214,none,-121,227,1,0.4714,0.4714,False,False,213,-0.2531,False,True,none,plant_unreachable,none,plant_unreachable,none,controller_not_recovered,none,controller_not_recovered
constant_27C_3p3V,tt/ext,avg32,0.0000,8000,16,0.4714,0.4714,0.0000,0.4714,214,none,-121,227,1,0.4714,0.4714,False,False,213,-0.2531,False,True,none,plant_unreachable,none,plant_unreachable,none,controller_not_recovered,none,controller_not_recovered
constant_27C_3p3V,tt/ext,avg32,0.0000,8000,256,0.4714,0.4714,0.0000,0.4714,214,none,-121,226,1,0.4714,0.4714,False,False,213,-0.2531,False,True,none,plant_unreachable,none,plant_unreachable,none,controller_not_recovered,none,controller_not_recovered
ramp_1C_per_s,tt/ext,avg32,0.0000,70500,1,0.2287,0.2288,0.0001,0.2288,214,none,110,109,1,0.5430,0.5429,False,False,213,-0.1811,True,True,none,controller_not_recovered,none,controller_not_recovered,none,controller_not_recovered,none,controller_not_recovered
ramp_1C_per_s,tt/ext,avg32,0.0000,70500,16,0.2287,0.2296,0.0009,0.2296,214,none,110,110,1,0.5437,0.5446,False,False,213,-0.1804,True,True,none,controller_not_recovered,none,controller_not_recovered,none,controller_not_recovered,none,controller_not_recovered
ramp_1C_per_s,tt/ext,avg32,0.0000,70500,256,0.2287,0.2426,0.0139,0.2426,214,none,110,116,1,0.5553,0.5553,False,False,213,-0.1689,True,True,none,controller_not_recovered,none,controller_not_recovered,none,controller_not_recovered,none,controller_not_recovered
ramp_20C_per_s,tt/ext,avg32,0.0000,11125,1,-0.4940,-0.4919,0.0021,0.4940,213,none,-238,-236,1,0.6058,0.6038,False,False,209,-0.3948,False,True,364,recovered,362,recovered,371,recovered,369,recovered
ramp_20C_per_s,tt/ext,avg32,0.0000,11125,16,-0.4940,-0.4758,0.0182,0.4940,213,none,-238,-228,1,0.6089,0.6038,False,False,210,0.3286,False,True,300,recovered,347,recovered,306,recovered,354,recovered
ramp_20C_per_s,tt/ext,avg32,0.0000,11125,256,-0.4940,-0.2224,0.2716,0.4940,213,none,-238,-106,1,0.6048,0.6038,False,False,209,-0.3948,False,True,108,recovered,107,recovered,115,recovered,114,recovered
vdd_step_+27C,tt/ext,avg32,0.0000,7999,1,-0.2531,-1.3567,-1.1036,1.3567,213,none,-122,-652,1,1.3567,0.6403,False,False,215,0.0814,True,True,34,recovered,32,recovered,42,recovered,40,recovered
vdd_step_+27C,tt/ext,avg32,0.0000,7999,16,-0.2531,-1.3567,-1.1036,1.3567,213,none,-122,-651,1,1.3567,0.6403,False,False,215,0.0814,True,True,34,recovered,17,recovered,42,recovered,25,recovered
vdd_step_+27C,tt/ext,avg32,0.0000,7999,256,-0.2531,-1.3567,-1.1036,1.3567,213,none,-122,-651,1,1.3567,0.6403,False,False,215,0.0814,True,True,34,recovered,0,recovered,42,recovered,0,recovered
vdd_step_-40C,tt/ext,avg32,0.0000,7999,1,0.4271,-0.6591,-1.0862,0.6591,219,none,205,-316,1,1.3754,1.3754,False,False,220,0.0624,True,True,66,recovered,64,recovered,75,recovered,73,recovered
vdd_step_-40C,tt/ext,avg32,0.0000,7999,16,0.4271,-0.6591,-1.0862,0.6591,219,none,205,-317,1,1.3754,1.3754,False,False,220,0.0624,True,True,66,recovered,49,recovered,75,recovered,58,recovered
vdd_step_-40C,tt/ext,avg32,0.0000,7999,256,0.4271,-0.6591,-1.0862,0.6591,219,none,205,-316,1,1.3754,1.3754,False,False,220,0.0624,True,True,66,recovered,0,recovered,75,recovered,0,recovered
constant_27C_3p3V,tt/ext,fracdither,0.0000,8000,1,0.4714,0.4714,0.0000,0.4714,214,none,-122,226,1,0.4714,0.4714,False,False,213,-0.2531,False,True,none,plant_unreachable,none,plant_unreachable,0,recovered,0,recovered
constant_27C_3p3V,tt/ext,fracdither,0.0000,8000,16,0.4714,0.4714,0.0000,0.4714,214,none,-122,226,1,0.4714,0.4714,False,False,213,-0.2531,False,True,none,plant_unreachable,none,plant_unreachable,8,recovered,0,recovered
constant_27C_3p3V,tt/ext,fracdither,0.0000,8000,256,0.4714,0.4714,0.0000,0.4714,214,none,-122,226,1,0.9723,0.4714,False,False,213,-0.2531,False,True,none,plant_unreachable,none,plant_unreachable,8,recovered,0,recovered
ramp_1C_per_s,tt/ext,fracdither,0.0000,70500,1,-0.4940,-0.4939,0.0001,0.4940,213,none,110,-237,1,0.9693,0.9795,False,False,214,0.5439,True,True,none,controller_not_recovered,none,controller_not_recovered,0,recovered,0,recovered
ramp_1C_per_s,tt/ext,fracdither,0.0000,70500,16,-0.4940,-0.4931,0.0009,0.4940,213,none,110,-236,1,0.9515,0.9795,False,False,213,-0.1804,True,True,none,controller_not_recovered,none,controller_not_recovered,10,recovered,0,recovered
ramp_1C_per_s,tt/ext,fracdither,0.0000,70500,256,-0.4940,-0.4803,0.0138,0.4940,213,none,110,-230,1,0.9714,0.9795,False,False,214,0.5562,True,True,none,controller_not_recovered,none,controller_not_recovered,10,recovered,0,recovered
ramp_20C_per_s,tt/ext,fracdither,0.0000,11125,1,0.2287,0.2309,0.0022,0.2309,214,none,109,111,1,0.9441,0.9230,False,False,210,0.3286,False,True,none,plant_unreachable,none,plant_unreachable,0,recovered,0,recovered
ramp_20C_per_s,tt/ext,fracdither,0.0000,11125,16,0.2287,0.2470,0.0183,0.2470,214,none,109,118,1,0.9497,0.9230,False,False,210,0.3286,False,True,none,plant_unreachable,none,plant_unreachable,0,recovered,0,recovered
ramp_20C_per_s,tt/ext,fracdither,0.0000,11125,256,0.2287,0.5023,0.2736,0.5023,214,none,109,241,1,0.9374,0.9230,False,False,209,-0.3948,False,True,none,plant_unreachable,none,plant_unreachable,10,recovered,0,recovered
vdd_step_+27C,tt/ext,fracdither,0.0000,7999,1,-0.2531,-1.3567,-1.1036,1.3567,213,none,-121,-651,1,1.3567,0.8083,False,False,215,0.0814,True,True,none,controller_not_recovered,none,controller_not_recovered,13,recovered,0,recovered
vdd_step_+27C,tt/ext,fracdither,0.0000,7999,16,-0.2531,-1.3567,-1.1036,1.3567,213,none,-121,-651,1,1.3567,0.8083,False,False,215,0.0814,True,True,none,controller_not_recovered,none,controller_not_recovered,15,recovered,0,recovered
vdd_step_+27C,tt/ext,fracdither,0.0000,7999,256,-0.2531,-1.3567,-1.1036,1.3567,213,none,-121,-651,1,1.3567,0.8083,False,False,215,0.0814,True,True,none,controller_not_recovered,none,controller_not_recovered,15,recovered,0,recovered
vdd_step_-40C,tt/ext,fracdither,0.0000,7999,1,0.4271,-0.6591,-1.0862,0.6591,219,none,-142,-317,1,0.7892,1.3754,False,False,220,0.0624,True,True,none,controller_not_recovered,none,controller_not_recovered,0,recovered,0,recovered
vdd_step_-40C,tt/ext,fracdither,0.0000,7999,16,0.4271,-0.6591,-1.0862,0.6591,219,none,-142,-316,1,0.7892,1.3754,False,False,219,-0.6591,True,True,none,controller_not_recovered,none,controller_not_recovered,13,recovered,0,recovered
vdd_step_-40C,tt/ext,fracdither,0.0000,7999,256,0.4271,-0.6591,-1.0862,0.6591,219,none,-142,-316,1,0.7892,1.3754,False,False,221,0.7892,True,True,none,controller_not_recovered,none,controller_not_recovered,13,recovered,0,recovered
constant_27C_3p3V,ff/ext,bangbang,0.0000,8000,1,-0.2477,-0.2477,0.0000,0.2477,178,none,159,-119,1,0.3314,0.3314,False,False,178,-0.2477,True,True,none,controller_not_recovered,none,controller_not_recovered,0,recovered,0,recovered
constant_27C_3p3V,ff/ext,bangbang,0.0000,8000,16,-0.2477,-0.2477,0.0000,0.2477,178,none,159,-119,1,0.3314,0.3314,False,False,178,-0.2477,True,True,none,controller_not_recovered,none,controller_not_recovered,0,recovered,0,recovered
constant_27C_3p3V,ff/ext,bangbang,0.0000,8000,256,-0.2477,-0.2477,0.0000,0.2477,178,none,159,-119,1,0.3314,0.3314,False,False,178,-0.2477,True,True,none,controller_not_recovered,none,controller_not_recovered,0,recovered,0,recovered
ramp_1C_per_s,ff/ext,bangbang,0.0000,70500,1,-0.1058,-0.1056,0.0002,0.1058,179,none,228,-51,1,0.5804,0.5802,False,False,178,-0.0864,True,True,none,controller_not_recovered,none,controller_not_recovered,0,recovered,0,recovered
ramp_1C_per_s,ff/ext,bangbang,0.0000,70500,16,-0.1058,-0.1041,0.0017,0.1058,179,none,228,-50,1,0.5803,0.5802,False,False,179,0.4953,True,True,none,controller_not_recovered,none,controller_not_recovered,0,recovered,0,recovered
ramp_1C_per_s,ff/ext,bangbang,0.0000,70500,256,-0.1058,-0.0808,0.0250,0.1058,179,none,228,-39,1,0.5804,0.5802,False,False,179,0.5212,True,True,none,controller_not_recovered,none,controller_not_recovered,0,recovered,0,recovered
ramp_20C_per_s,ff/ext,bangbang,0.0000,11125,1,0.4742,0.4781,0.0039,0.4781,180,none,-52,229,1,0.5824,0.5823,False,False,168,0.4069,True,True,none,controller_not_recovered,none,controller_not_recovered,2149,recovered,1638,recovered
ramp_20C_per_s,ff/ext,bangbang,0.0000,11125,16,0.4742,0.5074,0.0332,0.5074,180,none,-52,244,1,0.5803,0.5823,False,False,167,-0.1254,True,True,none,controller_not_recovered,none,controller_not_recovered,867,recovered,1623,recovered
ramp_20C_per_s,ff/ext,bangbang,0.0000,11125,256,0.4742,0.9835,0.5094,0.9835,180,none,-52,472,1,0.9835,0.5823,False,False,167,-0.1254,True,True,none,controller_not_recovered,none,controller_not_recovered,1383,recovered,1383,recovered
vdd_step_+27C,ff/ext,bangbang,0.0000,7999,1,0.3314,0.6924,0.3609,0.6924,179,none,-119,332,1,0.6924,0.4667,False,False,177,-0.4667,True,True,none,controller_not_recovered,none,controller_not_recovered,0,recovered,0,recovered
vdd_step_+27C,ff/ext,bangbang,0.0000,7999,16,0.3314,0.6924,0.3609,0.6924,179,none,-119,333,1,0.6924,0.4667,False,False,177,-0.4667,True,True,none,controller_not_recovered,none,controller_not_recovered,10,recovered,0,recovered
vdd_step_+27C,ff/ext,bangbang,0.0000,7999,256,0.3314,0.6924,0.3609,0.6924,179,none,-119,332,1,0.6924,0.4667,False,False,177,-0.4667,True,True,none,controller_not_recovered,none,controller_not_recovered,10,recovered,0,recovered
vdd_step_-40C,ff/ext,bangbang,0.0000,7999,1,0.5707,2.2215,1.6508,2.2215,191,none,-5,1066,1,2.2215,1.6315,False,False,187,-0.1182,True,True,none,controller_not_recovered,none,controller_not_recovered,18,recovered,16,recovered
vdd_step_-40C,ff/ext,bangbang,0.0000,7999,16,0.5707,2.2215,1.6508,2.2215,191,none,-5,1066,1,2.2215,1.6315,False,False,187,-0.1182,True,True,none,controller_not_recovered,none,controller_not_recovered,18,recovered,1,recovered
vdd_step_-40C,ff/ext,bangbang,0.0000,7999,256,0.5707,2.2215,1.6508,2.2215,191,none,-5,1067,1,2.2215,1.6315,False,False,187,-0.1182,True,True,none,controller_not_recovered,none,controller_not_recovered,18,recovered,0,recovered
constant_27C_3p3V,ff/ext,deadband,0.0000,8000,1,-0.2477,-0.2477,0.0000,0.2477,178,none,159,-119,1,0.3314,0.3314,False,False,178,-0.2477,True,True,none,controller_not_recovered,none,controller_not_recovered,0,recovered,0,recovered
constant_27C_3p3V,ff/ext,deadband,0.0000,8000,16,-0.2477,-0.2477,0.0000,0.2477,178,none,159,-119,1,0.3314,0.3314,False,False,178,-0.2477,True,True,none,controller_not_recovered,none,controller_not_recovered,0,recovered,0,recovered
constant_27C_3p3V,ff/ext,deadband,0.0000,8000,256,-0.2477,-0.2477,0.0000,0.2477,178,none,159,-119,1,0.3314,0.3314,False,False,178,-0.2477,True,True,none,controller_not_recovered,none,controller_not_recovered,0,recovered,0,recovered
ramp_1C_per_s,ff/ext,deadband,0.0000,70500,1,-0.1058,-0.1056,0.0002,0.1058,179,none,-50,-51,1,0.4235,0.4235,False,False,178,-0.0864,True,True,0,recovered,0,recovered,0,recovered,0,recovered
ramp_1C_per_s,ff/ext,deadband,0.0000,70500,16,-0.1058,-0.1041,0.0017,0.1058,179,none,-50,-50,1,0.4235,0.4235,False,False,178,-0.0848,True,True,0,recovered,0,recovered,0,recovered,0,recovered
ramp_1C_per_s,ff/ext,deadband,0.0000,70500,256,-0.1058,-0.0808,0.0250,0.1058,179,none,-50,-39,1,0.4235,0.4235,False,False,178,-0.0590,True,True,0,recovered,0,recovered,0,recovered,0,recovered
ramp_20C_per_s,ff/ext,deadband,0.0000,11125,1,-0.1058,-0.1019,0.0039,0.1058,179,none,-52,-49,1,0.4230,0.4230,False,False,167,-0.1254,True,True,3109,recovered,3109,recovered,0,recovered,0,recovered
ramp_20C_per_s,ff/ext,deadband,0.0000,11125,16,-0.1058,-0.0727,0.0330,0.1058,179,none,-52,-35,1,0.4230,0.4230,False,False,167,-0.1254,True,True,3094,recovered,3094,recovered,0,recovered,0,recovered
ramp_20C_per_s,ff/ext,deadband,0.0000,11125,256,-0.1058,0.4007,0.5064,0.4007,179,none,-52,192,1,0.4230,0.4230,False,False,167,-0.1254,True,True,2854,recovered,2854,recovered,10,recovered,0,recovered
vdd_step_+27C,ff/ext,deadband,0.0000,7999,1,0.3314,0.6924,0.3609,0.6924,179,none,-119,332,1,0.6924,0.3314,False,False,178,0.1112,True,True,2,recovered,0,recovered,0,recovered,0,recovered
vdd_step_+27C,ff/ext,deadband,0.0000,7999,16,0.3314,0.6924,0.3609,0.6924,179,none,-119,333,1,0.6924,0.3314,False,False,178,0.1112,True,True,2,recovered,0,recovered,14,recovered,0,recovered
vdd_step_+27C,ff/ext,deadband,0.0000,7999,256,0.3314,0.6924,0.3609,0.6924,179,none,-119,332,1,0.6924,0.3314,False,False,178,0.1112,True,True,2,recovered,0,recovered,14,recovered,0,recovered
vdd_step_-40C,ff/ext,deadband,0.0000,7999,1,-0.0098,1.6315,1.6413,1.6315,190,none,-4,783,1,1.6315,1.6315,False,False,187,-0.1182,True,True,4,recovered,3,recovered,10,recovered,0,recovered
vdd_step_-40C,ff/ext,deadband,0.0000,7999,16,-0.0098,1.6315,1.6413,1.6315,190,none,-4,783,1,1.6315,1.6315,False,False,187,-0.1182,True,True,4,recovered,0,recovered,15,recovered,0,recovered
vdd_step_-40C,ff/ext,deadband,0.0000,7999,256,-0.0098,1.6315,1.6413,1.6315,190,none,-4,783,1,1.6315,1.6315,False,False,187,-0.1182,True,True,4,recovered,0,recovered,15,recovered,0,recovered
constant_27C_3p3V,ff/ext,avg32,0.0000,8000,1,-0.2477,-0.2477,0.0000,0.2477,178,none,159,-119,1,0.3314,0.3314,False,False,179,0.3314,True,True,none,controller_not_recovered,none,controller_not_recovered,none,controller_not_recovered,none,controller_not_recovered
constant_27C_3p3V,ff/ext,avg32,0.0000,8000,16,-0.2477,-0.2477,0.0000,0.2477,178,none,159,-119,1,0.3314,0.3314,False,False,179,0.3314,True,True,none,controller_not_recovered,none,controller_not_recovered,none,controller_not_recovered,none,controller_not_recovered
constant_27C_3p3V,ff/ext,avg32,0.0000,8000,256,-0.2477,-0.2477,0.0000,0.2477,178,none,159,-119,1,0.3314,0.3314,False,False,179,0.3314,True,True,none,controller_not_recovered,none,controller_not_recovered,none,controller_not_recovered,none,controller_not_recovered
ramp_1C_per_s,ff/ext,avg32,0.0000,70500,1,-0.1058,-0.1056,0.0002,0.1058,179,none,-51,-51,1,0.4224,0.4222,False,False,178,-0.0864,True,True,0,recovered,0,recovered,0,recovered,0,recovered
ramp_1C_per_s,ff/ext,avg32,0.0000,70500,16,-0.1058,-0.1041,0.0017,0.1058,179,none,-51,-50,1,0.4240,0.4222,False,False,178,-0.0848,True,True,0,recovered,0,recovered,0,recovered,0,recovered
ramp_1C_per_s,ff/ext,avg32,0.0000,70500,256,-0.1058,-0.0808,0.0250,0.1058,179,none,-51,-39,1,0.4223,0.4222,False,False,178,-0.0590,True,True,0,recovered,0,recovered,0,recovered,0,recovered
ramp_20C_per_s,ff/ext,avg32,0.0000,11125,1,0.4742,0.4781,0.0039,0.4781,180,none,226,229,1,0.5000,0.4957,False,False,167,-0.1254,True,True,3148,recovered,3146,recovered,3152,recovered,3150,recovered
ramp_20C_per_s,ff/ext,avg32,0.0000,11125,16,0.4742,0.5074,0.0332,0.5074,180,none,226,244,1,0.5269,0.4957,False,False,167,-0.1254,True,True,3084,recovered,3131,recovered,3086,recovered,3135,recovered
ramp_20C_per_s,ff/ext,avg32,0.0000,11125,256,0.4742,0.9835,0.5094,0.9835,180,none,226,472,1,1.0053,0.4957,False,False,167,-0.1254,True,True,2892,recovered,2891,recovered,2896,recovered,2895,recovered
vdd_step_+27C,ff/ext,avg32,0.0000,7999,1,0.3314,0.6924,0.3609,0.6924,179,none,160,332,1,0.6924,0.3314,False,False,178,0.1112,True,True,2,recovered,0,recovered,11,recovered,5,recovered
vdd_step_+27C,ff/ext,avg32,0.0000,7999,16,0.3314,0.6924,0.3609,0.6924,179,none,160,332,1,0.6924,0.3314,False,False,178,0.1112,True,True,2,recovered,0,recovered,14,recovered,0,recovered
vdd_step_+27C,ff/ext,avg32,0.0000,7999,256,0.3314,0.6924,0.3609,0.6924,179,none,160,332,1,0.6924,0.3314,False,False,178,0.1112,True,True,2,recovered,0,recovered,14,recovered,0,recovered
vdd_step_-40C,ff/ext,avg32,0.0000,7999,1,-0.0098,1.6315,1.6413,1.6315,190,none,-5,784,1,1.6315,1.6315,False,False,187,-0.1182,True,True,98,recovered,96,recovered,103,recovered,101,recovered
vdd_step_-40C,ff/ext,avg32,0.0000,7999,16,-0.0098,1.6315,1.6413,1.6315,190,none,-5,784,1,1.6315,1.6315,False,False,187,-0.1182,True,True,98,recovered,81,recovered,103,recovered,86,recovered
vdd_step_-40C,ff/ext,avg32,0.0000,7999,256,-0.0098,1.6315,1.6413,1.6315,190,none,-5,783,1,1.6315,1.6315,False,False,187,-0.1182,True,True,98,recovered,0,recovered,103,recovered,0,recovered
constant_27C_3p3V,ff/ext,fracdither,0.0000,8000,1,-0.2477,-0.2477,0.0000,0.2477,178,none,159,-119,1,0.3314,0.3314,False,False,178,-0.2477,True,True,none,controller_not_recovered,none,controller_not_recovered,0,recovered,0,recovered
constant_27C_3p3V,ff/ext,fracdither,0.0000,8000,16,-0.2477,-0.2477,0.0000,0.2477,178,none,159,-119,1,0.3314,0.3314,False,False,178,-0.2477,True,True,none,controller_not_recovered,none,controller_not_recovered,0,recovered,0,recovered
constant_27C_3p3V,ff/ext,fracdither,0.0000,8000,256,-0.2477,-0.2477,0.0000,0.2477,178,none,159,-119,1,0.3314,0.3314,False,False,179,0.3314,True,True,none,controller_not_recovered,none,controller_not_recovered,0,recovered,0,recovered
ramp_1C_per_s,ff/ext,fracdither,0.0000,70500,1,0.4742,0.4744,0.0002,0.4744,180,none,-51,228,1,0.7129,0.7164,False,False,179,0.4937,True,True,none,controller_not_recovered,none,controller_not_recovered,0,recovered,0,recovered
ramp_1C_per_s,ff/ext,fracdither,0.0000,70500,16,0.4742,0.4758,0.0017,0.4758,180,none,-51,228,1,0.7060,0.7164,False,False,178,-0.0848,True,True,none,controller_not_recovered,none,controller_not_recovered,9,recovered,0,recovered
ramp_1C_per_s,ff/ext,fracdither,0.0000,70500,256,0.4742,0.4993,0.0251,0.4993,180,none,-51,239,1,0.7180,0.7164,False,False,179,0.5212,True,True,none,controller_not_recovered,none,controller_not_recovered,8,recovered,0,recovered
ramp_20C_per_s,ff/ext,fracdither,0.0000,11125,1,0.4742,0.4781,0.0039,0.4781,180,none,-51,229,1,0.6942,0.7101,False,False,167,-0.1254,True,True,none,controller_not_recovered,none,controller_not_recovered,0,recovered,0,recovered
ramp_20C_per_s,ff/ext,fracdither,0.0000,11125,16,0.4742,0.5074,0.0332,0.5074,180,none,-51,244,1,0.6921,0.7101,False,False,167,-0.1254,True,True,none,controller_not_recovered,none,controller_not_recovered,10,recovered,0,recovered
ramp_20C_per_s,ff/ext,fracdither,0.0000,11125,256,0.4742,0.9835,0.5094,0.9835,180,none,-51,472,1,0.9835,0.7101,False,False,167,-0.1254,True,True,none,controller_not_recovered,none,controller_not_recovered,14,recovered,0,recovered
vdd_step_+27C,ff/ext,fracdither,0.0000,7999,1,0.3314,0.6924,0.3609,0.6924,179,none,-119,333,1,0.6924,0.6924,False,False,178,0.1112,True,True,none,controller_not_recovered,none,controller_not_recovered,0,recovered,0,recovered
vdd_step_+27C,ff/ext,fracdither,0.0000,7999,16,0.3314,0.6924,0.3609,0.6924,179,none,-119,333,1,0.6924,0.6924,False,False,178,0.1112,True,True,none,controller_not_recovered,none,controller_not_recovered,12,recovered,0,recovered
vdd_step_+27C,ff/ext,fracdither,0.0000,7999,256,0.3314,0.6924,0.3609,0.6924,179,none,-119,333,1,0.6924,0.6924,False,False,178,0.1112,True,True,none,controller_not_recovered,none,controller_not_recovered,12,recovered,0,recovered
vdd_step_-40C,ff/ext,fracdither,0.0000,7999,1,0.5707,2.2215,1.6508,2.2215,191,none,-282,1067,1,2.2215,1.0449,False,False,187,-0.1182,True,True,none,controller_not_recovered,none,controller_not_recovered,16,recovered,15,recovered
vdd_step_-40C,ff/ext,fracdither,0.0000,7999,16,0.5707,2.2215,1.6508,2.2215,191,none,-282,1067,1,2.2215,1.0449,False,False,187,-0.1182,True,True,none,controller_not_recovered,none,controller_not_recovered,16,recovered,0,recovered
vdd_step_-40C,ff/ext,fracdither,0.0000,7999,256,0.5707,2.2215,1.6508,2.2215,191,none,-282,1066,1,2.2215,1.0449,False,False,187,-0.1182,True,True,none,controller_not_recovered,none,controller_not_recovered,16,recovered,0,recovered
constant_27C_3p3V,ss/ext,bangbang,0.0000,8000,1,-0.3165,-0.3165,0.0000,0.3165,244,none,64,-152,1,0.3165,0.3165,False,False,244,-0.3165,True,True,none,controller_not_recovered,none,controller_not_recovered,0,recovered,0,recovered
constant_27C_3p3V,ss/ext,bangbang,0.0000,8000,16,-0.3165,-0.3165,0.0000,0.3165,244,none,64,-152,1,0.3165,0.3165,False,False,244,-0.3165,True,True,none,controller_not_recovered,none,controller_not_recovered,6,recovered,0,recovered
constant_27C_3p3V,ss/ext,bangbang,0.0000,8000,256,-0.3165,-0.3165,0.0000,0.3165,244,none,64,-152,1,0.3165,0.3165,False,False,244,-0.3165,True,True,none,controller_not_recovered,none,controller_not_recovered,6,recovered,0,recovered
ramp_1C_per_s,ss/ext,bangbang,0.0000,70500,1,-0.0735,-0.0734,0.0001,0.0735,245,none,181,-35,1,0.4510,0.4509,False,False,244,-0.2557,True,True,none,controller_not_recovered,none,controller_not_recovered,0,recovered,0,recovered
ramp_1C_per_s,ss/ext,bangbang,0.0000,70500,16,-0.0735,-0.0727,0.0008,0.0735,245,none,181,-35,1,0.4509,0.4509,False,False,244,-0.2551,True,True,none,controller_not_recovered,none,controller_not_recovered,0,recovered,0,recovered
ramp_1C_per_s,ss/ext,bangbang,0.0000,70500,256,-0.0735,-0.0617,0.0118,0.0735,245,none,181,-30,1,0.4508,0.4509,False,False,245,0.2045,True,True,none,controller_not_recovered,none,controller_not_recovered,0,recovered,0,recovered
ramp_20C_per_s,ss/ext,bangbang,0.0000,11125,1,-0.0735,-0.0716,0.0018,0.0735,245,none,181,-35,1,0.4763,0.4779,False,False,239,0.4676,True,True,none,controller_not_recovered,none,controller_not_recovered,0,recovered,0,recovered
ramp_20C_per_s,ss/ext,bangbang,0.0000,11125,16,-0.0735,-0.0578,0.0156,0.0735,245,none,181,-27,1,0.4771,0.4779,False,False,239,0.4676,True,True,none,controller_not_recovered,none,controller_not_recovered,0,recovered,0,recovered
ramp_20C_per_s,ss/ext,bangbang,0.0000,11125,256,-0.0735,0.1591,0.2326,0.1591,245,none,181,77,1,0.4771,0.4779,False,False,239,0.4676,True,True,none,controller_not_recovered,none,controller_not_recovered,0,recovered,0,recovered
vdd_step_+27C,ss/ext,bangbang,0.0000,7999,1,0.1331,-1.6280,-1.7612,1.6280,245,none,-152,-782,1,1.6280,2.0697,False,False,249,0.1587,True,True,none,controller_not_recovered,none,controller_not_recovered,17,recovered,17,recovered
vdd_step_+27C,ss/ext,bangbang,0.0000,7999,16,0.1331,-1.6280,-1.7612,1.6280,245,none,-152,-782,1,1.6280,2.0697,False,False,249,0.1587,True,True,none,controller_not_recovered,none,controller_not_recovered,17,recovered,2,recovered
vdd_step_+27C,ss/ext,bangbang,0.0000,7999,256,0.1331,-1.6280,-1.7612,1.6280,245,none,-152,-781,1,1.6280,2.0697,False,False,249,0.1587,True,True,none,controller_not_recovered,none,controller_not_recovered,17,recovered,0,recovered
vdd_step_-40C,ss/ext,bangbang,0.0000,7999,1,-0.2863,-2.1207,-1.8344,2.1207,251,none,79,-1018,1,2.1207,1.6793,True,True,255,-0.3430,False,False,none,plant_unreachable,none,plant_unreachable,none,plant_unreachable,none,plant_unreachable
vdd_step_-40C,ss/ext,bangbang,0.0000,7999,16,-0.2863,-2.1207,-1.8344,2.1207,251,none,79,-1018,1,2.1207,1.6793,True,True,255,-0.3430,False,False,none,plant_unreachable,none,plant_unreachable,none,plant_unreachable,none,plant_unreachable
vdd_step_-40C,ss/ext,bangbang,0.0000,7999,256,-0.2863,-2.1207,-1.8344,2.1207,251,none,79,-1018,1,2.1207,1.6793,True,True,255,-0.3430,False,False,none,plant_unreachable,none,plant_unreachable,none,plant_unreachable,none,plant_unreachable
constant_27C_3p3V,ss/ext,deadband,0.0000,8000,1,0.1331,0.1331,0.0000,0.1331,245,none,64,64,1,0.1331,0.1331,False,False,245,0.1331,True,True,0,recovered,0,recovered,0,recovered,0,recovered
constant_27C_3p3V,ss/ext,deadband,0.0000,8000,16,0.1331,0.1331,0.0000,0.1331,245,none,64,64,1,0.1331,0.1331,False,False,245,0.1331,True,True,0,recovered,0,recovered,0,recovered,0,recovered
constant_27C_3p3V,ss/ext,deadband,0.0000,8000,256,0.1331,0.1331,0.0000,0.1331,245,none,64,64,1,0.1331,0.1331,False,False,245,0.1331,True,True,0,recovered,0,recovered,0,recovered,0,recovered
ramp_1C_per_s,ss/ext,deadband,0.0000,70500,1,-0.0735,-0.0734,0.0001,0.0735,245,none,-36,-35,1,0.2933,0.2933,False,False,244,-0.2557,True,True,0,recovered,0,recovered,0,recovered,0,recovered
ramp_1C_per_s,ss/ext,deadband,0.0000,70500,16,-0.0735,-0.0727,0.0008,0.0735,245,none,-36,-35,1,0.2933,0.2933,False,False,245,0.1947,True,True,0,recovered,0,recovered,0,recovered,0,recovered
ramp_1C_per_s,ss/ext,deadband,0.0000,70500,256,-0.0735,-0.0617,0.0118,0.0735,245,none,-36,-30,1,0.2933,0.2933,False,False,245,0.2045,True,True,0,recovered,0,recovered,0,recovered,0,recovered
ramp_20C_per_s,ss/ext,deadband,0.0000,11125,1,-0.0735,-0.0716,0.0018,0.0735,245,none,-36,-34,1,0.4676,0.4676,False,False,238,-0.2689,True,True,423,recovered,423,recovered,0,recovered,0,recovered
ramp_20C_per_s,ss/ext,deadband,0.0000,11125,16,-0.0735,-0.0578,0.0156,0.0735,245,none,-36,-28,1,0.4676,0.4676,False,False,239,0.4676,True,True,408,recovered,408,recovered,0,recovered,0,recovered
ramp_20C_per_s,ss/ext,deadband,0.0000,11125,256,-0.0735,0.1591,0.2326,0.1591,245,none,-36,76,1,0.4676,0.4676,False,False,238,-0.2689,True,True,166,recovered,168,recovered,0,recovered,0,recovered
vdd_step_+27C,ss/ext,deadband,0.0000,7999,1,0.1331,-1.6280,-1.7612,1.6280,245,none,64,-782,1,1.6280,1.6280,False,False,249,0.1587,True,True,none,controller_not_recovered,none,controller_not_recovered,17,recovered,16,recovered
vdd_step_+27C,ss/ext,deadband,0.0000,7999,16,0.1331,-1.6280,-1.7612,1.6280,245,none,64,-782,1,1.6280,1.6280,False,False,249,0.1587,True,True,none,controller_not_recovered,none,controller_not_recovered,17,recovered,1,recovered
vdd_step_+27C,ss/ext,deadband,0.0000,7999,256,0.1331,-1.6280,-1.7612,1.6280,245,none,64,-781,1,1.6280,1.6280,False,False,249,0.1587,True,True,none,controller_not_recovered,none,controller_not_recovered,17,recovered,0,recovered
vdd_step_-40C,ss/ext,deadband,0.0000,7999,1,-0.2863,-2.1207,-1.8344,2.1207,251,none,79,-1018,1,2.1207,1.6793,True,True,255,-0.3430,False,False,none,plant_unreachable,none,plant_unreachable,none,plant_unreachable,none,plant_unreachable
vdd_step_-40C,ss/ext,deadband,0.0000,7999,16,-0.2863,-2.1207,-1.8344,2.1207,251,none,79,-1018,1,2.1207,1.6793,True,True,255,-0.3430,False,False,none,plant_unreachable,none,plant_unreachable,none,plant_unreachable,none,plant_unreachable
vdd_step_-40C,ss/ext,deadband,0.0000,7999,256,-0.2863,-2.1207,-1.8344,2.1207,251,none,79,-1018,1,2.1207,1.6793,True,True,255,-0.3430,False,False,none,plant_unreachable,none,plant_unreachable,none,plant_unreachable,none,plant_unreachable
constant_27C_3p3V,ss/ext,avg32,0.0000,8000,1,0.1331,0.1331,0.0000,0.1331,245,none,64,64,1,0.1331,0.1331,False,False,245,0.1331,True,True,0,recovered,0,recovered,0,recovered,0,recovered
constant_27C_3p3V,ss/ext,avg32,0.0000,8000,16,0.1331,0.1331,0.0000,0.1331,245,none,64,64,1,0.1331,0.1331,False,False,245,0.1331,True,True,0,recovered,0,recovered,0,recovered,0,recovered
constant_27C_3p3V,ss/ext,avg32,0.0000,8000,256,0.1331,0.1331,0.0000,0.1331,245,none,64,64,1,0.1331,0.1331,False,False,245,0.1331,True,True,0,recovered,0,recovered,0,recovered,0,recovered
ramp_1C_per_s,ss/ext,avg32,0.0000,70500,1,-0.0735,-0.0734,0.0001,0.0735,245,none,-36,-35,1,0.2914,0.2915,False,False,245,0.1941,True,True,0,recovered,0,recovered,0,recovered,0,recovered
ramp_1C_per_s,ss/ext,avg32,0.0000,70500,16,-0.0735,-0.0727,0.0008,0.0735,245,none,-36,-35,1,0.2921,0.2915,False,False,244,-0.2551,True,True,0,recovered,0,recovered,0,recovered,0,recovered
ramp_1C_per_s,ss/ext,avg32,0.0000,70500,256,-0.0735,-0.0617,0.0118,0.0735,245,none,-36,-30,1,0.2915,0.2915,False,False,245,0.2045,True,True,0,recovered,0,recovered,0,recovered,0,recovered
ramp_20C_per_s,ss/ext,avg32,0.0000,11125,1,-0.0735,-0.0716,0.0018,0.0735,245,none,-36,-34,1,0.4676,0.4676,False,False,238,-0.2689,True,True,0,recovered,0,recovered,0,recovered,0,recovered
ramp_20C_per_s,ss/ext,avg32,0.0000,11125,16,-0.0735,-0.0578,0.0156,0.0735,245,none,-36,-28,1,0.4676,0.4676,False,False,238,-0.2689,True,True,0,recovered,0,recovered,0,recovered,0,recovered
ramp_20C_per_s,ss/ext,avg32,0.0000,11125,256,-0.0735,0.1591,0.2326,0.1591,245,none,-36,76,1,0.4676,0.4676,False,False,238,-0.2689,True,True,172,recovered,171,recovered,173,recovered,172,recovered
vdd_step_+27C,ss/ext,avg32,0.0000,7999,1,0.1331,-1.6280,-1.7612,1.6280,245,none,64,-781,1,1.6280,1.6280,False,False,248,-0.2910,True,True,none,controller_not_recovered,none,controller_not_recovered,none,controller_not_recovered,none,controller_not_recovered
vdd_step_+27C,ss/ext,avg32,0.0000,7999,16,0.1331,-1.6280,-1.7612,1.6280,245,none,64,-782,1,1.6280,1.6280,False,False,248,-0.2910,True,True,none,controller_not_recovered,none,controller_not_recovered,none,controller_not_recovered,none,controller_not_recovered
vdd_step_+27C,ss/ext,avg32,0.0000,7999,256,0.1331,-1.6280,-1.7612,1.6280,245,none,64,-781,1,1.6280,1.6280,False,False,248,-0.2910,True,True,none,controller_not_recovered,none,controller_not_recovered,none,controller_not_recovered,none,controller_not_recovered
vdd_step_-40C,ss/ext,avg32,0.0000,7999,1,-0.2863,-2.1207,-1.8344,2.1207,251,none,-138,-1018,1,2.1207,1.6793,True,True,255,-0.3430,False,False,none,plant_unreachable,none,plant_unreachable,none,plant_unreachable,none,plant_unreachable
vdd_step_-40C,ss/ext,avg32,0.0000,7999,16,-0.2863,-2.1207,-1.8344,2.1207,251,none,-138,-1018,1,2.1207,1.6793,True,True,255,-0.3430,False,False,none,plant_unreachable,none,plant_unreachable,none,plant_unreachable,none,plant_unreachable
vdd_step_-40C,ss/ext,avg32,0.0000,7999,256,-0.2863,-2.1207,-1.8344,2.1207,251,none,-138,-1018,1,2.1207,1.6793,True,True,255,-0.3430,False,False,none,plant_unreachable,none,plant_unreachable,none,plant_unreachable,none,plant_unreachable
constant_27C_3p3V,ss/ext,fracdither,0.0000,8000,1,0.1331,0.1331,0.0000,0.1331,245,none,64,64,1,0.3165,0.3165,False,False,245,0.1331,True,True,none,controller_not_recovered,none,controller_not_recovered,0,recovered,0,recovered
constant_27C_3p3V,ss/ext,fracdither,0.0000,8000,16,0.1331,0.1331,0.0000,0.1331,245,none,64,64,1,0.3165,0.3165,False,False,245,0.1331,True,True,none,controller_not_recovered,none,controller_not_recovered,0,recovered,0,recovered
constant_27C_3p3V,ss/ext,fracdither,0.0000,8000,256,0.1331,0.1331,0.0000,0.1331,245,none,64,64,1,0.3165,0.3165,False,False,245,0.1331,True,True,none,controller_not_recovered,none,controller_not_recovered,0,recovered,0,recovered
ramp_1C_per_s,ss/ext,fracdither,0.0000,70500,1,0.3772,0.3773,0.0001,0.3773,246,none,-36,182,1,0.5233,0.5148,False,False,244,-0.2557,True,True,none,controller_not_recovered,none,controller_not_recovered,0,recovered,0,recovered
ramp_1C_per_s,ss/ext,fracdither,0.0000,70500,16,0.3772,0.3780,0.0008,0.3780,246,none,-36,182,1,0.5203,0.5148,False,False,245,0.1947,True,True,none,controller_not_recovered,none,controller_not_recovered,6,recovered,0,recovered
ramp_1C_per_s,ss/ext,fracdither,0.0000,70500,256,0.3772,0.3891,0.0119,0.3891,246,none,-36,187,1,0.5140,0.5148,False,False,244,-0.2454,True,True,none,controller_not_recovered,none,controller_not_recovered,6,recovered,0,recovered
ramp_20C_per_s,ss/ext,fracdither,0.0000,11125,1,-0.0735,-0.0716,0.0018,0.0735,245,none,180,-34,1,0.5128,0.5133,False,False,238,-0.2689,True,True,none,controller_not_recovered,none,controller_not_recovered,0,recovered,0,recovered
ramp_20C_per_s,ss/ext,fracdither,0.0000,11125,16,-0.0735,-0.0578,0.0156,0.0735,245,none,180,-28,1,0.5236,0.5133,False,False,238,-0.2689,True,True,none,controller_not_recovered,none,controller_not_recovered,0,recovered,0,recovered
ramp_20C_per_s,ss/ext,fracdither,0.0000,11125,256,-0.0735,0.1591,0.2326,0.1591,245,none,180,76,1,0.6125,0.5133,False,False,238,-0.2689,True,True,none,controller_not_recovered,none,controller_not_recovered,0,recovered,0,recovered
vdd_step_+27C,ss/ext,fracdither,0.0000,7999,1,0.1331,-1.6280,-1.7612,1.6280,245,none,64,-781,1,1.6280,1.6280,False,False,249,0.1587,True,True,none,controller_not_recovered,none,controller_not_recovered,17,recovered,16,recovered
vdd_step_+27C,ss/ext,fracdither,0.0000,7999,16,0.1331,-1.6280,-1.7612,1.6280,245,none,64,-782,1,1.6280,1.6280,False,False,249,0.1587,True,True,none,controller_not_recovered,none,controller_not_recovered,17,recovered,1,recovered
vdd_step_+27C,ss/ext,fracdither,0.0000,7999,256,0.1331,-1.6280,-1.7612,1.6280,245,none,64,-781,1,1.6280,1.6280,False,False,249,0.1587,True,True,none,controller_not_recovered,none,controller_not_recovered,17,recovered,0,recovered
vdd_step_-40C,ss/ext,fracdither,0.0000,7999,1,-0.2863,-2.1207,-1.8344,2.1207,251,none,78,-1018,1,2.1207,1.6793,True,True,255,-0.3430,False,False,none,plant_unreachable,none,plant_unreachable,none,plant_unreachable,none,plant_unreachable
vdd_step_-40C,ss/ext,fracdither,0.0000,7999,16,-0.2863,-2.1207,-1.8344,2.1207,251,none,78,-1018,1,2.1207,1.6793,True,True,255,-0.3430,False,False,none,plant_unreachable,none,plant_unreachable,none,plant_unreachable,none,plant_unreachable
vdd_step_-40C,ss/ext,fracdither,0.0000,7999,256,-0.2863,-2.1207,-1.8344,2.1207,251,none,78,-1018,1,2.1207,1.6793,True,True,255,-0.3430,False,False,none,plant_unreachable,none,plant_unreachable,none,plant_unreachable,none,plant_unreachable
